id_cp_interactions,partner_a,partner_b,source
INDRA-0,Q9Y219,P46531,INDRA
INDRA-1,O00548,P46531,INDRA
INDRA-2,P05019,P08069,INDRA
INDRA-3,P78504,P46531,INDRA
INDRA-4,P41221,Q14332,INDRA
INDRA-5,Q9GZX6,Q08334,INDRA
INDRA-6,P01588,P19235,INDRA
INDRA-7,Q9H2A7,O00574,INDRA
INDRA-8,P50591,O14798,INDRA
INDRA-9,P22301,Q13651,INDRA
INDRA-10,P01579,P15260,INDRA
INDRA-11,P01344,P11717,INDRA
INDRA-12,P49771,P36888,INDRA
INDRA-13,P21583,P10721,INDRA
INDRA-14,P01344,P08069,INDRA
INDRA-15,Q07325,P49682,INDRA
INDRA-16,P13501,P51681,INDRA
INDRA-17,P80075,P51681,INDRA
INDRA-18,P13236,P51681,INDRA
INDRA-19,P05231,P40189,INDRA
INDRA-20,P01133,P00533,INDRA
INDRA-21,O94907,O75581,INDRA
INDRA-22,O94907,O75197,INDRA
INDRA-23,P41221,Q13467,INDRA
INDRA-24,P04899,P48039,INDRA
INDRA-25,O43557,P36941,INDRA
INDRA-26,P29965,P25942,INDRA
INDRA-27,P01374,P19438,INDRA
INDRA-28,Q06643,P36941,INDRA
INDRA-29,Q02297,P04626,INDRA
INDRA-30,P01138,P04629,INDRA
INDRA-31,P05112,P24394,INDRA
INDRA-32,Q96H15,Q96D42,INDRA
INDRA-33,P01135,P00533,INDRA
INDRA-34,P02778,P49682,INDRA
INDRA-35,P09603,P07333,INDRA
INDRA-36,P09919,Q99062,INDRA
INDRA-37,P04141,P15509,INDRA
INDRA-38,P14210,P08581,INDRA
INDRA-39,P01375,P20333,INDRA
INDRA-40,P01308,P06213,INDRA
INDRA-41,P41273,Q07011,INDRA
INDRA-42,P32970,P26842,INDRA
INDRA-43,P48023,P25445,INDRA
INDRA-44,P50591,Q9UBN6,INDRA
INDRA-45,P50591,O14763,INDRA
INDRA-46,P50591,O00220,INDRA
INDRA-47,P01375,P19438,INDRA
INDRA-48,Q15465,Q13635,INDRA
INDRA-49,P01148,P30968,INDRA
INDRA-50,P41221,Q01974,INDRA
INDRA-51,O14625,P49682,INDRA
INDRA-52,P33681,P10747,INDRA
INDRA-53,P42081,P10747,INDRA
INDRA-54,P01584,P27930,INDRA
INDRA-55,P01137,P37173,INDRA
INDRA-56,P01137,Q03167,INDRA
INDRA-57,P01137,P36897,INDRA
INDRA-58,P15018,P42702,INDRA
INDRA-59,P60568,P31785,INDRA
INDRA-60,P35225,P78552,INDRA
INDRA-61,P35225,Q14627,INDRA
INDRA-62,P10600,P37173,INDRA
INDRA-63,P12643,Q13873,INDRA
INDRA-64,P43026,Q13873,INDRA
INDRA-65,Q00604,Q9ULV1,INDRA
INDRA-66,P01236,P16471,INDRA
INDRA-67,P01241,P16471,INDRA
INDRA-68,P01241,P10912,INDRA
INDRA-69,P01579,P38484,INDRA
INDRA-70,Q969D9,Q9HC73,INDRA
INDRA-71,P08700,P26951,INDRA
INDRA-72,P01308,P08069,INDRA
INDRA-73,P29459,P42701,INDRA
INDRA-74,P01574,P17181,INDRA
INDRA-75,P01574,P48551,INDRA
INDRA-76,P40933,Q13261,INDRA
INDRA-77,P56975,Q15303,INDRA
INDRA-78,Q02297,Q15303,INDRA
INDRA-79,Q15465,Q9Y6C5,INDRA
INDRA-80,Q14623,Q9Y6C5,INDRA
INDRA-81,Q15465,Q96QV1,INDRA
INDRA-82,P15514,P00533,INDRA
INDRA-83,Q99075,P00533,INDRA
INDRA-84,Q8WWG1,Q15303,INDRA
INDRA-85,Q9NR61,Q99466,INDRA
INDRA-86,P78504,Q04721,INDRA
INDRA-87,Q9Y219,Q04721,INDRA
INDRA-88,Q9Y219,Q9UM47,INDRA
INDRA-89,Q9NYJ7,P46531,INDRA
INDRA-90,P41221,Q9ULV1,INDRA
INDRA-91,P04628,O75581,INDRA
INDRA-92,Q9NPF7,P42701,INDRA
INDRA-93,P05231,P08887,INDRA
INDRA-94,Q9NR61,P46531,INDRA
INDRA-95,Q15465,P98164,INDRA
INDRA-96,Q9NPF7,Q5VWK5,INDRA
INDRA-97,P49768,Q92542,INDRA
INDRA-98,Q6EBC2,Q99650,INDRA
INDRA-99,P13725,Q99650,INDRA
INDRA-100,Q9HBE4,Q9HBE5,INDRA
INDRA-101,P03971,Q16671,INDRA
INDRA-102,P61812,P37173,INDRA
INDRA-103,P08476,Q13705,INDRA
INDRA-104,P18075,Q13705,INDRA
INDRA-105,P22004,Q13705,INDRA
INDRA-106,P12643,Q13705,INDRA
INDRA-107,P18075,Q13873,INDRA
INDRA-108,P22004,Q13873,INDRA
INDRA-109,Q6KF10,Q13873,INDRA
INDRA-110,P12644,Q13873,INDRA
INDRA-111,Q15465,Q9BWV1,INDRA
INDRA-112,Q9NYY1,Q8N6P7,INDRA
INDRA-113,Q13007,Q8N6P7,INDRA
INDRA-114,Q9NPH9,Q9UHF4,INDRA
INDRA-115,Q9UHD0,Q9UHF4,INDRA
INDRA-116,Q9NYY1,Q9UHF4,INDRA
INDRA-117,Q13007,Q9UHF4,INDRA
INDRA-118,Q8NEV9,Q6UWB1,INDRA
INDRA-119,Q13361,P46531,INDRA
INDRA-120,Q16619,P40189,INDRA
INDRA-121,Q9NYA4,P84022,INDRA
INDRA-122,Q14623,Q13635,INDRA
INDRA-123,Q9NRA1,P16234,INDRA
INDRA-124,Q9NRA1,P09619,INDRA
INDRA-125,P04085,P16234,INDRA
INDRA-126,P01127,P16234,INDRA
INDRA-127,P05230,P11362,INDRA
INDRA-128,P05230,P21802,INDRA
INDRA-129,P09038,P21802,INDRA
INDRA-130,P11487,P21802,INDRA
INDRA-131,P08620,P21802,INDRA
INDRA-132,P21781,P21802,INDRA
INDRA-133,P55075,P21802,INDRA
INDRA-134,O15520,P21802,INDRA
INDRA-135,P49765,P17948,INDRA
INDRA-136,P20827,P21709,INDRA
INDRA-137,O43921,P29317,INDRA
INDRA-138,P52803,P54756,INDRA
INDRA-139,Q15768,P54753,INDRA
INDRA-140,P20827,Q9UF33,INDRA
INDRA-141,O43921,Q9UF33,INDRA
INDRA-142,P52797,Q9UF33,INDRA
INDRA-143,P52798,Q9UF33,INDRA
INDRA-144,P52803,Q9UF33,INDRA
INDRA-145,P52803,Q15375,INDRA
INDRA-146,P20827,P29322,INDRA
INDRA-147,P20827,P54764,INDRA
INDRA-148,P52803,P54764,INDRA
INDRA-149,P20827,P29317,INDRA
INDRA-150,P20827,P29320,INDRA
INDRA-151,P52803,P29320,INDRA
INDRA-152,P20827,P54756,INDRA
INDRA-153,P52799,P54760,INDRA
INDRA-154,O15123,Q02763,INDRA
INDRA-155,Q15389,Q02763,INDRA
INDRA-156,Q9Y264,Q02763,INDRA
INDRA-157,O00468,O15146,INDRA
INDRA-158,P56704,P34925,INDRA
INDRA-159,Q14393,P30530,INDRA
INDRA-160,Q14393,Q12866,INDRA
INDRA-161,P39905,P07949,INDRA
INDRA-162,Q9NPH9,Q08334,INDRA
INDRA-163,P05113,Q01344,INDRA
INDRA-164,O00548,Q04721,INDRA
INDRA-165,P40225,P40238,INDRA
INDRA-166,P26441,P26992,INDRA
INDRA-167,P13232,P16871,INDRA
INDRA-168,O14511,P21860,INDRA
INDRA-169,O14511,Q15303,INDRA
INDRA-170,P41159,P48357,INDRA
INDRA-171,Q02297,P21860,INDRA
INDRA-172,O43323,Q9Y6C5,INDRA
INDRA-173,O43323,Q96QV1,INDRA
INDRA-174,Q14623,Q96QV1,INDRA
INDRA-175,Q9H1J5,Q9H461,INDRA
INDRA-176,P35070,P00533,INDRA
INDRA-177,P35070,Q15303,INDRA
INDRA-178,Q99075,Q15303,INDRA
INDRA-179,P34820,P36894,INDRA
INDRA-180,P34820,Q04771,INDRA
INDRA-181,P09919,P15509,INDRA
INDRA-182,P15248,Q01113,INDRA
INDRA-183,P01133,P04626,INDRA
INDRA-184,Q9NYJ7,Q04721,INDRA
INDRA-185,O94907,Q8NCW0,INDRA
INDRA-186,O94907,Q96MU8,INDRA
INDRA-187,P09544,O00144,INDRA
INDRA-188,P20809,Q14626,INDRA
INDRA-189,O00755,Q13467,INDRA
INDRA-190,Q6EBC2,Q8NI17,INDRA
INDRA-191,O95390,Q13705,INDRA
INDRA-192,Q96S42,Q13705,INDRA
INDRA-193,P43026,Q13705,INDRA
INDRA-194,O95972,Q13873,INDRA
INDRA-195,P04141,Q99062,INDRA
INDRA-196,Q9P0W0,P17181,INDRA
INDRA-197,Q8IU54,Q08334,INDRA
INDRA-198,Q8IZJ0,Q08334,INDRA
INDRA-199,Q8IZI9,Q08334,INDRA
INDRA-200,P22301,Q08334,INDRA
INDRA-201,Q9P0W0,P48551,INDRA
INDRA-202,Q8IU54,Q8IU57,INDRA
INDRA-203,Q8IZJ0,Q8IU57,INDRA
INDRA-204,Q8IZI9,Q8IU57,INDRA
INDRA-205,Q9UHD0,Q6UXL0,INDRA
INDRA-206,Q9NYY1,Q6UXL0,INDRA
INDRA-207,Q13007,Q6UXL0,INDRA
INDRA-208,Q9GZX6,Q969J5,INDRA
INDRA-209,P21741,Q04721,INDRA
INDRA-210,Q12860,P46531,INDRA
INDRA-211,P48745,P46531,INDRA
INDRA-212,P55001,P46531,INDRA
INDRA-213,Q16619,P42702,INDRA
INDRA-214,P01137,P26012,INDRA
INDRA-215,P01137,P18564,INDRA
INDRA-216,O43323,Q13635,INDRA
INDRA-217,Q9GZP0,P09619,INDRA
INDRA-218,P10767,P21802,INDRA
INDRA-219,O60258,P21802,INDRA
INDRA-220,O76093,P21802,INDRA
INDRA-221,Q9HCT0,P21802,INDRA
INDRA-222,P31371,P22607,INDRA
INDRA-223,P26927,Q04912,INDRA
INDRA-224,P23560,Q16620,INDRA
INDRA-225,P20783,Q16288,INDRA
INDRA-226,P52797,P29320,INDRA
INDRA-227,P52798,P54764,INDRA
INDRA-228,P98172,P54762,INDRA
INDRA-229,P52799,P29323,INDRA
INDRA-230,P20827,Q15375,INDRA
INDRA-231,O43921,Q15375,INDRA
INDRA-232,P52797,Q15375,INDRA
INDRA-233,P52798,Q15375,INDRA
INDRA-234,O43921,P29322,INDRA
INDRA-235,P52797,P29322,INDRA
INDRA-236,P52798,P29322,INDRA
INDRA-237,P52803,P29322,INDRA
INDRA-238,P52798,P29317,INDRA
INDRA-239,P52798,P29320,INDRA
INDRA-240,O43921,P54756,INDRA
INDRA-241,P52797,P54756,INDRA
INDRA-242,P52798,P54756,INDRA
INDRA-243,P52799,P54762,INDRA
INDRA-244,P98172,P29323,INDRA
INDRA-245,P98172,P54753,INDRA
INDRA-246,P52799,P54753,INDRA
INDRA-247,P52799,P29320,INDRA
INDRA-248,P21246,Q9UM73,INDRA
INDRA-249,P21741,Q9UM73,INDRA
INDRA-250,Q9Y264,P35590,INDRA
INDRA-251,O95841,Q02763,INDRA
INDRA-252,P41221,Q01973,INDRA
INDRA-253,P04628,P34925,INDRA
INDRA-254,P04899,P51681,INDRA
INDRA-255,P48061,P25106,INDRA
INDRA-256,O14625,P25106,INDRA
INDRA-257,Q99731,Q9NPB9,INDRA
INDRA-258,O00585,Q9NPB9,INDRA
INDRA-259,O15444,Q9NPB9,INDRA
INDRA-260,P08476,P27037,INDRA
INDRA-261,P08476,P36896,INDRA
INDRA-262,P08476,Q8NER5,INDRA
INDRA-263,P09529,P27037,INDRA
INDRA-264,P09529,P36896,INDRA
INDRA-265,P09529,Q13705,INDRA
INDRA-266,P09529,Q8NER5,INDRA
INDRA-267,P05111,P27037,INDRA
INDRA-268,P05111,Q13705,INDRA
INDRA-269,P35318,Q16602,INDRA
INDRA-270,P35318,O60895,INDRA
INDRA-271,Q7Z4H4,Q16602,INDRA
INDRA-272,Q7Z4H4,O60895,INDRA
INDRA-273,P06881,Q16602,INDRA
INDRA-274,P01258,Q16602,INDRA
INDRA-275,P06881,O60895,INDRA
INDRA-276,P01258,O60895,INDRA
INDRA-277,P10092,Q16602,INDRA
INDRA-278,P10092,O60895,INDRA
INDRA-279,P35318,O60896,INDRA
INDRA-280,Q7Z4H4,O60896,INDRA
INDRA-281,P06881,O60896,INDRA
INDRA-282,P01258,O60896,INDRA
INDRA-283,P10092,O60896,INDRA
INDRA-284,P35318,P30988,INDRA
INDRA-285,P35318,O60894,INDRA
INDRA-286,Q7Z4H4,P30988,INDRA
INDRA-287,Q7Z4H4,O60894,INDRA
INDRA-288,P06881,P30988,INDRA
INDRA-289,P01258,P30988,INDRA
INDRA-290,P06881,O60894,INDRA
INDRA-291,P01258,O60894,INDRA
INDRA-292,P10997,P30988,INDRA
INDRA-293,P10997,O60894,INDRA
INDRA-294,P10092,P30988,INDRA
INDRA-295,P10092,O60894,INDRA
INDRA-296,P10997,O60895,INDRA
INDRA-297,P10997,O60896,INDRA
INDRA-298,P03971,O00238,INDRA
INDRA-299,P03971,Q04771,INDRA
INDRA-300,Q9ULZ1,P35414,INDRA
INDRA-301,P0DMC3,P35414,INDRA
INDRA-302,P01019,P30556,INDRA
INDRA-303,P01019,P50052,INDRA
INDRA-304,P07225,P30530,INDRA
INDRA-305,Q9Y275,Q96RJ3,INDRA
INDRA-306,P08949,P28336,INDRA
INDRA-307,P07492,P30550,INDRA
INDRA-308,P08949,P30550,INDRA
INDRA-309,O75888,Q02223,INDRA
INDRA-310,Q9Y275,Q02223,INDRA
INDRA-311,O95393,O00238,INDRA
INDRA-312,O95393,P27037,INDRA
INDRA-313,O95393,P36894,INDRA
INDRA-314,O95393,P37023,INDRA
INDRA-315,O95393,Q04771,INDRA
INDRA-316,O95393,Q13705,INDRA
INDRA-317,O95393,Q13873,INDRA
INDRA-318,P12643,O00238,INDRA
INDRA-319,P12643,P27037,INDRA
INDRA-320,P12643,P36894,INDRA
INDRA-321,P12643,Q04771,INDRA
INDRA-322,P12644,O00238,INDRA
INDRA-323,P12644,P27037,INDRA
INDRA-324,P12644,P36894,INDRA
INDRA-325,P12644,Q04771,INDRA
INDRA-326,P22003,P36894,INDRA
INDRA-327,P22004,O00238,INDRA
INDRA-328,P22004,P27037,INDRA
INDRA-329,P22004,P36894,INDRA
INDRA-330,P22004,Q04771,INDRA
INDRA-331,P18075,O00238,INDRA
INDRA-332,P18075,P27037,INDRA
INDRA-333,P18075,P36894,INDRA
INDRA-334,P18075,Q04771,INDRA
INDRA-335,Q7Z5Y6,O00238,INDRA
INDRA-336,Q7Z5Y6,P27037,INDRA
INDRA-337,Q7Z5Y6,P36894,INDRA
INDRA-338,Q7Z5Y6,Q13705,INDRA
INDRA-339,Q7Z5Y6,Q13873,INDRA
INDRA-340,Q9UK05,P27037,INDRA
INDRA-341,Q9UK05,P37023,INDRA
INDRA-342,Q9UK05,Q04771,INDRA
INDRA-343,Q9UK05,Q13705,INDRA
INDRA-344,Q9UK05,Q13873,INDRA
INDRA-345,P01042,P46663,INDRA
INDRA-346,P01042,P30411,INDRA
INDRA-347,P01024,Q16581,INDRA
INDRA-348,P01031,P21730,INDRA
INDRA-349,P39019,P21730,INDRA
INDRA-350,P01031,Q9P296,INDRA
INDRA-351,P06307,P32238,INDRA
INDRA-352,P01350,P32239,INDRA
INDRA-353,P06307,P32239,INDRA
INDRA-354,Q99616,P32246,INDRA
INDRA-355,P80075,P32246,INDRA
INDRA-356,Q16627,P32246,INDRA
INDRA-357,Q16663,P32246,INDRA
INDRA-358,P55773,P32246,INDRA
INDRA-359,P10147,P32246,INDRA
INDRA-360,P13501,P32246,INDRA
INDRA-361,P80098,P32246,INDRA
INDRA-362,P13236,P32246,INDRA
INDRA-363,Q9Y4X3,P46092,INDRA
INDRA-364,Q9NRJ3,P46092,INDRA
INDRA-365,Q99616,P41597,INDRA
INDRA-366,O15467,P41597,INDRA
INDRA-367,P13500,P41597,INDRA
INDRA-368,P80098,P41597,INDRA
INDRA-369,P80075,P41597,INDRA
INDRA-370,P51671,P41597,INDRA
INDRA-371,O00175,P41597,INDRA
INDRA-372,Q9Y258,P41597,INDRA
INDRA-373,P51671,P51677,INDRA
INDRA-374,Q99616,P51677,INDRA
INDRA-375,Q16663,P51677,INDRA
INDRA-376,P13500,P51677,INDRA
INDRA-377,O00175,P51677,INDRA
INDRA-378,Q9Y258,P51677,INDRA
INDRA-379,Q9NRJ3,P51677,INDRA
INDRA-380,P13501,P51677,INDRA
INDRA-381,P80098,P51677,INDRA
INDRA-382,P80075,P51677,INDRA
INDRA-383,P02778,P51677,INDRA
INDRA-384,O14625,P51677,INDRA
INDRA-385,Q07325,P51677,INDRA
INDRA-386,Q92583,P51679,INDRA
INDRA-387,O00626,P51679,INDRA
INDRA-388,P51671,P51681,INDRA
INDRA-389,Q99616,P51681,INDRA
INDRA-390,Q16627,P51681,INDRA
INDRA-391,O15467,P51681,INDRA
INDRA-392,P13500,P51681,INDRA
INDRA-393,P10147,P51681,INDRA
INDRA-394,P80098,P51681,INDRA
INDRA-395,P78556,P51684,INDRA
INDRA-396,Q99731,P32248,INDRA
INDRA-397,O00585,P32248,INDRA
INDRA-398,P22362,P51685,INDRA
INDRA-399,O15444,P51686,INDRA
INDRA-400,Q99731,O00421,INDRA
INDRA-401,P32971,P28908,INDRA
INDRA-402,Q99969,Q99788,INDRA
INDRA-403,P26441,P40189,INDRA
INDRA-404,P26441,P42702,INDRA
INDRA-405,Q9UBD9,P40189,INDRA
INDRA-406,Q9UBD9,P26992,INDRA
INDRA-407,Q9UBD9,P42702,INDRA
INDRA-408,P06850,P34998,INDRA
INDRA-409,P55089,P34998,INDRA
INDRA-410,Q96RP3,P34998,INDRA
INDRA-411,P06850,Q13324,INDRA
INDRA-412,P55089,Q13324,INDRA
INDRA-413,Q96RP3,Q13324,INDRA
INDRA-414,Q969E3,Q13324,INDRA
INDRA-415,P80162,P25024,INDRA
INDRA-416,P10145,P25024,INDRA
INDRA-417,P09341,P25025,INDRA
INDRA-418,P19875,P25025,INDRA
INDRA-419,P19876,P25025,INDRA
INDRA-420,P42830,P25025,INDRA
INDRA-421,P80162,P25025,INDRA
INDRA-422,P02775,P25025,INDRA
INDRA-423,P10145,P25025,INDRA
INDRA-424,Q99616,P49682,INDRA
INDRA-425,Q99731,P49682,INDRA
INDRA-426,P78556,P49682,INDRA
INDRA-427,P13501,P49682,INDRA
INDRA-428,P48061,P49682,INDRA
INDRA-429,P51671,P49682,INDRA
INDRA-430,P80098,P49682,INDRA
INDRA-431,P48061,P61073,INDRA
INDRA-432,O43927,P32302,INDRA
INDRA-433,P78423,P49238,INDRA
INDRA-434,O95150,Q93038,INDRA
INDRA-435,P01189,P41143,INDRA
INDRA-436,P01213,P41143,INDRA
INDRA-437,P01210,P41143,INDRA
INDRA-438,Q92838,Q9UNE0,INDRA
INDRA-439,Q92838,Q9HAV5,INDRA
INDRA-440,Q6UW88,P00533,INDRA
INDRA-441,O14944,P00533,INDRA
INDRA-442,O14944,Q15303,INDRA
INDRA-443,P05305,P25101,INDRA
INDRA-444,P20800,P25101,INDRA
INDRA-445,P14138,P24530,INDRA
INDRA-446,O95750,P22455,INDRA
INDRA-447,P15692,P17948,INDRA
INDRA-448,P49767,P35916,INDRA
INDRA-449,O43915,P35916,INDRA
INDRA-450,P04083,P25090,INDRA
INDRA-451,Q8IVG9,P25090,INDRA
INDRA-452,P49913,P25090,INDRA
INDRA-453,P0DJI8,P25090,INDRA
INDRA-454,P04083,P25089,INDRA
INDRA-455,Q9NRV9,P25089,INDRA
INDRA-456,Q8IVG9,P25089,INDRA
INDRA-457,P01215,P23945,INDRA
INDRA-458,P01225,P23945,INDRA
INDRA-459,P56704,O60353,INDRA
INDRA-460,P56705,O60353,INDRA
INDRA-461,P41221,O60353,INDRA
INDRA-462,P22466,P47211,INDRA
INDRA-463,Q9BT56,O43603,INDRA
INDRA-464,P22466,O43603,INDRA
INDRA-465,Q9BT56,O60755,INDRA
INDRA-466,P22466,O60755,INDRA
INDRA-467,Q99988,Q6UXV0,INDRA
INDRA-468,Q9UBU3,Q92847,INDRA
INDRA-469,P01286,Q02643,INDRA
INDRA-470,P09681,P48546,INDRA
INDRA-471,P01275,P43220,INDRA
INDRA-472,P01275,O95838,INDRA
INDRA-473,P01275,P47871,INDRA
INDRA-474,Q9UNG2,Q9Y5U5,INDRA
INDRA-475,O43555,P30968,INDRA
INDRA-476,P04141,P32927,INDRA
INDRA-477,P27539,P27037,INDRA
INDRA-478,P27539,P36894,INDRA
INDRA-479,P27539,P36896,INDRA
INDRA-480,P27539,Q13705,INDRA
INDRA-481,P27539,Q13873,INDRA
INDRA-482,P55107,P36896,INDRA
INDRA-483,P55107,Q13705,INDRA
INDRA-484,P55107,Q13873,INDRA
INDRA-485,Q7Z4P5,P27037,INDRA
INDRA-486,Q7Z4P5,P36894,INDRA
INDRA-487,Q7Z4P5,Q13873,INDRA
INDRA-488,O60383,O00238,INDRA
INDRA-489,O60383,P27037,INDRA
INDRA-490,O60383,P36894,INDRA
INDRA-491,O60383,P36897,INDRA
INDRA-492,O60383,Q13873,INDRA
INDRA-493,P01242,P10912,INDRA
INDRA-494,P01160,P16066,INDRA
INDRA-495,P16860,P16066,INDRA
INDRA-496,P23582,P20594,INDRA
INDRA-497,Q02747,P25092,INDRA
INDRA-498,Q16661,P25092,INDRA
INDRA-499,P43080,Q02846,INDRA
INDRA-500,Q9UMX6,Q02846,INDRA
INDRA-501,Q9UMX6,P51841,INDRA
INDRA-502,O43557,Q92956,INDRA
INDRA-503,P01374,Q92956,INDRA
INDRA-504,O15467,Q9H3N8,INDRA
INDRA-505,P07602,O15354,INDRA
INDRA-506,P07602,O60883,INDRA
INDRA-507,P13501,O95800,INDRA
INDRA-508,Q2MKA7,Q9BXB1,INDRA
INDRA-509,Q6UXX9,Q9BXB1,INDRA
INDRA-510,Q9BXY4,Q9BXB1,INDRA
INDRA-511,Q2I0M5,Q9BXB1,INDRA
INDRA-512,Q2MKA7,O75473,INDRA
INDRA-513,Q6UXX9,O75473,INDRA
INDRA-514,Q9BXY4,O75473,INDRA
INDRA-515,Q2I0M5,O75473,INDRA
INDRA-516,Q9BXY4,Q9HBX8,INDRA
INDRA-517,Q2MKA7,Q9HBX8,INDRA
INDRA-518,Q6UXX9,Q9HBX8,INDRA
INDRA-519,Q2I0M5,Q9HBX8,INDRA
INDRA-520,P01210,Q96LB2,INDRA
INDRA-521,P35318,Q96LB1,INDRA
INDRA-522,P01566,P17181,INDRA
INDRA-523,P01566,P48551,INDRA
INDRA-524,P01570,P17181,INDRA
INDRA-525,P01570,P48551,INDRA
INDRA-526,P05015,P17181,INDRA
INDRA-527,P05015,P48551,INDRA
INDRA-528,P01571,P17181,INDRA
INDRA-529,P01571,P48551,INDRA
INDRA-530,P01563,P17181,INDRA
INDRA-531,P01563,P48551,INDRA
INDRA-532,P01568,P17181,INDRA
INDRA-533,P01568,P48551,INDRA
INDRA-534,P05014,P17181,INDRA
INDRA-535,P05014,P48551,INDRA
INDRA-536,P01569,P17181,INDRA
INDRA-537,P01569,P48551,INDRA
INDRA-538,P05013,P17181,INDRA
INDRA-539,P05013,P48551,INDRA
INDRA-540,P01567,P17181,INDRA
INDRA-541,P01567,P48551,INDRA
INDRA-542,P32881,P17181,INDRA
INDRA-543,P32881,P48551,INDRA
INDRA-544,P05000,P17181,INDRA
INDRA-545,P05000,P48551,INDRA
INDRA-546,P20809,P40189,INDRA
INDRA-547,P29459,Q99665,INDRA
INDRA-548,P29460,P42701,INDRA
INDRA-549,P29460,Q99665,INDRA
INDRA-550,P40933,P31785,INDRA
INDRA-551,P40933,P14784,INDRA
INDRA-552,Q9P0M4,Q8NFR9,INDRA
INDRA-553,Q9P0M4,Q96F46,INDRA
INDRA-554,Q16552,Q8NAC3,INDRA
INDRA-555,Q16552,Q96F46,INDRA
INDRA-556,Q96PD4,Q8NAC3,INDRA
INDRA-557,Q96PD4,Q96F46,INDRA
INDRA-558,Q9HBE4,P31785,INDRA
INDRA-559,Q9GZX6,Q8N6P7,INDRA
INDRA-560,P29460,Q5VWK5,INDRA
INDRA-561,Q9UHF5,Q9NRM6,INDRA
INDRA-562,Q9H293,Q96F46,INDRA
INDRA-563,Q9H293,Q9NRM6,INDRA
INDRA-564,Q14213,P40189,INDRA
INDRA-565,Q14213,Q6UWB1,INDRA
INDRA-566,P60568,P01589,INDRA
INDRA-567,P60568,P14784,INDRA
INDRA-568,P08700,P32927,INDRA
INDRA-569,P05112,P31785,INDRA
INDRA-570,P35225,P24394,INDRA
INDRA-571,P05112,P78552,INDRA
INDRA-572,P05113,P32927,INDRA
INDRA-573,P13232,P31785,INDRA
INDRA-574,P15248,P31785,INDRA
INDRA-575,P01213,P41145,INDRA
INDRA-576,P01189,P41145,INDRA
INDRA-577,P15692,P35968,INDRA
INDRA-578,P49767,P35968,INDRA
INDRA-579,Q15726,Q969F8,INDRA
INDRA-580,P15018,P40189,INDRA
INDRA-581,P13725,P40189,INDRA
INDRA-582,P13725,P42702,INDRA
INDRA-583,P01215,P22888,INDRA
INDRA-584,P01229,P22888,INDRA
INDRA-585,P20382,Q99705,INDRA
INDRA-586,P20382,Q969V1,INDRA
INDRA-587,P01189,Q01726,INDRA
INDRA-588,P01189,P41968,INDRA
INDRA-589,O00253,P41968,INDRA
INDRA-590,P01189,P32245,INDRA
INDRA-591,O00253,P32245,INDRA
INDRA-592,P01189,P33032,INDRA
INDRA-593,O00253,P33032,INDRA
INDRA-594,P12872,O43193,INDRA
INDRA-595,P01213,P35372,INDRA
INDRA-596,P01210,P35372,INDRA
INDRA-597,P0DP23,Q15746,INDRA
INDRA-598,P0DP24,Q15746,INDRA
INDRA-599,P0DP25,Q15746,INDRA
INDRA-600,P0DP23,Q9H1R3,INDRA
INDRA-601,P0DP24,Q9H1R3,INDRA
INDRA-602,P0DP25,Q9H1R3,INDRA
INDRA-603,P61366,P17342,INDRA
INDRA-604,P23560,P08138,INDRA
INDRA-605,P20783,P08138,INDRA
INDRA-606,P34130,P08138,INDRA
INDRA-607,P01138,P08138,INDRA
INDRA-608,P20366,P25103,INDRA
INDRA-609,Q9UHF0,P25103,INDRA
INDRA-610,P20366,P21452,INDRA
INDRA-611,Q9UHF0,P21452,INDRA
INDRA-612,P20366,P29371,INDRA
INDRA-613,Q9UHF0,P29371,INDRA
INDRA-614,Q5H8A3,Q9HB89,INDRA
INDRA-615,P48645,Q9HB89,INDRA
INDRA-616,Q5H8A3,Q9GZQ4,INDRA
INDRA-617,P48645,Q9GZQ4,INDRA
INDRA-618,Q13519,P41146,INDRA
INDRA-619,Q8NG41,P48145,INDRA
INDRA-620,Q8N729,P48145,INDRA
INDRA-621,Q8NG41,P48146,INDRA
INDRA-622,Q8N729,P48146,INDRA
INDRA-623,O15130,Q9GZQ6,INDRA
INDRA-624,Q9HCQ7,Q9GZQ6,INDRA
INDRA-625,O15130,Q9Y5X5,INDRA
INDRA-626,P0C0P6,Q6W5P4,INDRA
INDRA-627,P30990,P30989,INDRA
INDRA-628,P30990,O95665,INDRA
INDRA-629,P01178,P30559,INDRA
INDRA-630,P01185,P30559,INDRA
INDRA-631,P23510,P43489,INDRA
INDRA-632,O43612,O43613,INDRA
INDRA-633,O43612,O43614,INDRA
INDRA-634,P18509,P41586,INDRA
INDRA-635,P01282,P41586,INDRA
INDRA-636,P58294,Q8TCW9,INDRA
INDRA-637,Q9HC23,Q8TCW9,INDRA
INDRA-638,P58294,Q8NFJ6,INDRA
INDRA-639,Q9HC23,Q8NFJ6,INDRA
INDRA-640,P0DML2,P16471,INDRA
INDRA-641,P0DML3,P16471,INDRA
INDRA-642,P81277,P49683,INDRA
INDRA-643,P01303,P49683,INDRA
INDRA-644,Q14242,P16109,INDRA
INDRA-645,P12272,Q03431,INDRA
INDRA-646,Q96A98,Q03431,INDRA
INDRA-647,P12272,P49190,INDRA
INDRA-648,P83859,Q96P65,INDRA
INDRA-649,O14788,Q9Y6Q6,INDRA
INDRA-650,P04090,Q9HBX9,INDRA
INDRA-651,P04808,Q9HBX9,INDRA
INDRA-652,Q8WXF3,Q9HBX9,INDRA
INDRA-653,P51460,Q8WXD0,INDRA
INDRA-654,P04090,Q8WXD0,INDRA
INDRA-655,P04808,Q8WXD0,INDRA
INDRA-656,Q8WXF3,Q8WXD0,INDRA
INDRA-657,Q8WXF3,Q9NSD7,INDRA
INDRA-658,Q9Y5Q6,Q9NSD7,INDRA
INDRA-659,Q9Y5Q6,Q8TDU9,INDRA
INDRA-660,Q8WXF3,Q8TDU9,INDRA
INDRA-661,P09683,P47872,INDRA
INDRA-662,P01282,P47872,INDRA
INDRA-663,O00230,P30872,INDRA
INDRA-664,P61278,P30872,INDRA
INDRA-665,O00230,P30874,INDRA
INDRA-666,P61278,P30874,INDRA
INDRA-667,O00230,P32745,INDRA
INDRA-668,P61278,P32745,INDRA
INDRA-669,O00230,P31391,INDRA
INDRA-670,P61278,P31391,INDRA
INDRA-671,O00230,P35346,INDRA
INDRA-672,P61278,P35346,INDRA
INDRA-673,Q9Y275,O14836,INDRA
INDRA-674,Q969D9,P16871,INDRA
INDRA-675,P61812,P36897,INDRA
INDRA-676,P61812,Q03167,INDRA
INDRA-677,P10600,P36897,INDRA
INDRA-678,P10600,Q03167,INDRA
INDRA-679,P01215,P16473,INDRA
INDRA-680,P01222,P16473,INDRA
INDRA-681,P01374,P20333,INDRA
INDRA-682,O43508,Q9NP84,INDRA
INDRA-683,Q14393,Q06418,INDRA
INDRA-684,P07225,Q06418,INDRA
INDRA-685,O95399,Q9UKP6,INDRA
INDRA-686,Q765I0,Q9UKP6,INDRA
INDRA-687,P01286,P32241,INDRA
INDRA-688,P18509,P32241,INDRA
INDRA-689,P01282,P32241,INDRA
INDRA-690,P18509,P41587,INDRA
INDRA-691,P01282,P41587,INDRA
INDRA-692,P01178,P37288,INDRA
INDRA-693,P01185,P37288,INDRA
INDRA-694,P01178,P47901,INDRA
INDRA-695,P01185,P47901,INDRA
INDRA-696,P01178,P30518,INDRA
INDRA-697,P01185,P30518,INDRA
INDRA-698,P47992,P46094,INDRA
INDRA-699,Q9UBD3,P46094,INDRA
INDRA-700,P01303,P25929,INDRA
INDRA-701,P10082,P25929,INDRA
INDRA-702,P01303,P49146,INDRA
INDRA-703,P10082,P49146,INDRA
INDRA-704,P01303,P50391,INDRA
INDRA-705,P01298,P50391,INDRA
INDRA-706,P10082,P50391,INDRA
INDRA-707,P01303,Q15761,INDRA
INDRA-708,P01298,Q15761,INDRA
INDRA-709,P63092,P07550,INDRA
INDRA-710,P02751,P05556,INDRA
INDRA-711,Q9Y6F9,Q9UP38,INDRA
INDRA-712,P78509,P05556,INDRA
INDRA-713,P0DP25,Q14831,INDRA
INDRA-714,P0DP23,Q14831,INDRA
INDRA-715,P0DP24,Q14831,INDRA
INDRA-716,P02452,P05556,INDRA
INDRA-717,P04004,P05556,INDRA
INDRA-718,P02671,P05556,INDRA
INDRA-719,P01210,P41145,INDRA
INDRA-720,P01210,P41146,INDRA
INDRA-721,Q5T4W7,O60609,INDRA
INDRA-722,Q6KF10,P36894,INDRA
INDRA-723,Q6UY11,P46531,INDRA
INDRA-724,Q6ZMJ4,P07333,INDRA
INDRA-725,Q8IZD2,O95944,INDRA
INDRA-726,Q8N0W4,Q9ULB1,INDRA
INDRA-727,Q8N2Q7,P58401,INDRA
INDRA-728,Q8N2Q7,Q9ULB1,INDRA
INDRA-729,Q8N2Q7,Q9Y4C0,INDRA
INDRA-730,Q8NFZ4,P58401,INDRA
INDRA-731,Q8NFZ4,Q9ULB1,INDRA
INDRA-732,Q8NFZ4,Q9Y4C0,INDRA
INDRA-733,Q8WWY8,Q9HBW0,INDRA
INDRA-734,Q92854,O43157,INDRA
INDRA-735,Q96A98,P49190,INDRA
INDRA-736,Q96CW9,Q9HBW1,INDRA
INDRA-737,Q96S42,P36896,INDRA
INDRA-738,Q96S42,Q8NER5,INDRA
INDRA-739,Q96T91,P16473,INDRA
INDRA-740,Q99748,P07949,INDRA
INDRA-741,Q99748,P56159,INDRA
INDRA-742,Q99985,O60462,INDRA
INDRA-743,Q9BXY4,P31431,INDRA
INDRA-744,Q9H1J5,O75197,INDRA
INDRA-745,Q9HB63,Q6ZN44,INDRA
INDRA-746,Q9NQC3,Q96FE5,INDRA
INDRA-747,Q9NZ94,P58401,INDRA
INDRA-748,Q9NZ94,Q9ULB1,INDRA
INDRA-749,Q9NZ94,Q9Y4C0,INDRA
INDRA-750,Q9UBC7,O43603,INDRA
INDRA-751,Q9UQ52,P46531,INDRA
INDRA-752,Q9Y2I2,Q9HCJ2,INDRA
INDRA-753,Q9Y490,P05106,INDRA
INDRA-754,Q9Y490,P18084,INDRA
INDRA-755,P19320,P05107,INDRA
INDRA-756,P20396,P34981,INDRA
INDRA-757,P63092,P47871,INDRA
INDRA-758,O00230,Q92847,INDRA
INDRA-759,O00230,Q96LB1,INDRA
INDRA-760,Q9NZ94,P58400,INDRA
INDRA-761,Q8N2Q7,P58400,INDRA
INDRA-762,Q8N0W4,P58400,INDRA
INDRA-763,Q8NFZ4,P58400,INDRA
INDRA-764,Q9NZ94,Q9P2S2,INDRA
INDRA-765,Q8N2Q7,Q9P2S2,INDRA
INDRA-766,Q8NFZ4,Q9P2S2,INDRA
INDRA-767,Q9NZ94,Q9HDB5,INDRA
INDRA-768,Q8N2Q7,Q9HDB5,INDRA
INDRA-769,Q8NFZ4,Q9HDB5,INDRA
INDRA-770,O14905,O75581,INDRA
INDRA-771,P01127,P09619,INDRA
INDRA-772,P01270,P49190,INDRA
INDRA-773,O00548,Q9UM47,INDRA
INDRA-774,P58417,P58400,INDRA
INDRA-775,P13500,P51679,INDRA
INDRA-776,P02751,P31431,INDRA
INDRA-777,P17693,P26715,INDRA
INDRA-778,P09429,Q15109,INDRA
INDRA-779,P01344,P06213,INDRA
INDRA-780,O75326,P05556,INDRA
INDRA-781,P02458,O75578,INDRA
INDRA-782,P04628,Q9H461,INDRA
INDRA-783,P04628,Q9NPG1,INDRA
INDRA-784,P05109,Q15109,INDRA
INDRA-785,P05305,P24530,INDRA
INDRA-786,P02671,P20702,INDRA
INDRA-787,Q9NT99,P10586,INDRA
INDRA-788,P10767,P22455,INDRA
INDRA-789,P12004,O95944,INDRA
INDRA-790,P10082,Q15761,INDRA
INDRA-791,Q5JWF2,P13945,INDRA
INDRA-792,P98160,Q13332,INDRA
INDRA-793,P01374,P36941,INDRA
INDRA-794,P29279,O75581,INDRA
INDRA-795,P52797,P54764,INDRA
INDRA-796,P01270,Q03431,INDRA
INDRA-797,P56704,O75197,INDRA
INDRA-798,P01008,Q07954,INDRA
INDRA-799,P01009,Q07954,INDRA
INDRA-800,P78509,P98155,INDRA
INDRA-801,P10451,P05556,INDRA
INDRA-802,P10451,P05106,INDRA
INDRA-803,P19320,P05556,INDRA
INDRA-804,O43915,P35968,INDRA
INDRA-805,P56704,Q9H461,INDRA
INDRA-806,P56706,O75197,INDRA
INDRA-807,Q14563,O14786,INDRA
INDRA-808,P63092,P16473,INDRA
INDRA-809,O00755,O75581,INDRA
INDRA-810,O14788,O00300,INDRA
INDRA-811,O14793,Q13705,INDRA
INDRA-812,O14944,P21860,INDRA
INDRA-813,O96014,O15146,INDRA
INDRA-814,O43184,P31431,INDRA
INDRA-815,O43921,P54764,INDRA
INDRA-816,P49767,O60462,INDRA
INDRA-817,O60542,Q9GZZ7,INDRA
INDRA-818,O75093,P35052,INDRA
INDRA-819,O75326,O60486,INDRA
INDRA-820,O75888,O14836,INDRA
INDRA-821,O94813,P35052,INDRA
INDRA-822,O94813,Q8WZ75,INDRA
INDRA-823,O95150,O95407,INDRA
INDRA-824,P48023,O95407,INDRA
INDRA-825,O95631,O95185,INDRA
INDRA-826,O96014,O75084,INDRA
INDRA-827,P04083,P00533,INDRA
INDRA-828,P0DP23,P00533,INDRA
INDRA-829,P0DP24,P00533,INDRA
INDRA-830,P0DP25,P00533,INDRA
INDRA-831,P01375,O75509,INDRA
INDRA-832,P04114,P01130,INDRA
INDRA-833,P02452,Q08345,INDRA
INDRA-834,P02458,P05556,INDRA
INDRA-835,P02462,P05556,INDRA
INDRA-836,P02649,P98155,INDRA
INDRA-837,P02649,Q92673,INDRA
INDRA-838,P02751,P06756,INDRA
INDRA-839,P04083,P21462,INDRA
INDRA-840,P04275,P05106,INDRA
INDRA-841,P04628,O75197,INDRA
INDRA-842,P04628,Q9UP38,INDRA
INDRA-843,P05111,Q03167,INDRA
INDRA-844,P05230,P22455,INDRA
INDRA-845,P05230,P22607,INDRA
INDRA-846,P0DP23,P06213,INDRA
INDRA-847,P0DP24,P06213,INDRA
INDRA-848,P0DP25,P06213,INDRA
INDRA-849,P06702,Q15109,INDRA
INDRA-850,Q5JWF2,P07550,INDRA
INDRA-851,P08123,P05556,INDRA
INDRA-852,P08572,P05556,INDRA
INDRA-853,P08620,P22455,INDRA
INDRA-854,P09038,P22455,INDRA
INDRA-855,P09038,P22607,INDRA
INDRA-856,P09544,O75581,INDRA
INDRA-857,P10646,P98155,INDRA
INDRA-858,P12034,P11362,INDRA
INDRA-859,P12034,P21802,INDRA
INDRA-860,P12830,P26010,INDRA
INDRA-861,P13385,P27037,INDRA
INDRA-862,P13385,P36896,INDRA
INDRA-863,P17693,Q8NHL6,INDRA
INDRA-864,P17693,Q99706,INDRA
INDRA-865,P23515,Q96FE5,INDRA
INDRA-866,P24821,P05556,INDRA
INDRA-867,P28799,P19438,INDRA
INDRA-868,Q5JWF2,P30518,INDRA
INDRA-869,P34130,P04629,INDRA
INDRA-870,P34130,Q16620,INDRA
INDRA-871,P35442,Q08722,INDRA
INDRA-872,P39905,O00451,INDRA
INDRA-873,P39905,P56159,INDRA
INDRA-874,P41221,O75581,INDRA
INDRA-875,P41221,P34925,INDRA
INDRA-876,P41221,Q9NPG1,INDRA
INDRA-877,P42127,O75882,INDRA
INDRA-878,P42127,Q01726,INDRA
INDRA-879,P43026,O00238,INDRA
INDRA-880,Q5JWF2,P43119,INDRA
INDRA-881,P43405,P12318,INDRA
INDRA-882,P49768,P46531,INDRA
INDRA-883,Q5JWF2,P50406,INDRA
INDRA-884,P52803,P29317,INDRA
INDRA-885,P52797,P29317,INDRA
INDRA-886,P53420,P05556,INDRA
INDRA-887,P56703,O75581,INDRA
INDRA-888,P56704,O75581,INDRA
INDRA-889,P56704,Q14332,INDRA
INDRA-890,P56704,Q9NPG1,INDRA
INDRA-891,P56704,Q9UP38,INDRA
INDRA-892,P56706,Q9ULW2,INDRA
INDRA-893,P56706,Q9UP38,INDRA
INDRA-894,P58417,Q9ULB1,INDRA
INDRA-895,P58417,Q9Y4C0,INDRA
INDRA-896,P78504,Q9UM47,INDRA
INDRA-897,P80370,P46531,INDRA
INDRA-898,P98172,P54760,INDRA
INDRA-899,Q13214,O14786,INDRA
INDRA-900,Q13214,O60462,INDRA
INDRA-901,Q5JWF2,Q13258,INDRA
INDRA-902,Q13275,O60462,INDRA
INDRA-903,Q14031,P05556,INDRA
INDRA-904,Q14242,P16581,INDRA
INDRA-905,Q14563,O75051,INDRA
INDRA-906,Q14563,Q9HCM2,INDRA
INDRA-907,Q14563,Q9UIW2,INDRA
INDRA-908,Q15389,P35590,INDRA
INDRA-909,Q15768,P54764,INDRA
INDRA-910,Q15848,Q86V24,INDRA
INDRA-911,Q15848,Q96A54,INDRA
INDRA-912,P27797,Q07954,INDRA
INDRA-913,O43184,P05556,INDRA
INDRA-914,P27797,P06756,INDRA
INDRA-915,P27797,P26006,INDRA
INDRA-916,P84077,P06213,INDRA
INDRA-917,P03971,P36894,INDRA
INDRA-918,O95972,O00238,INDRA
INDRA-919,P22003,P27037,INDRA
INDRA-920,P22003,Q04771,INDRA
INDRA-921,P22003,O00238,INDRA
INDRA-922,Q7Z5Y6,Q04771,INDRA
INDRA-923,P34820,P27037,INDRA
INDRA-924,P34820,O00238,INDRA
INDRA-925,P01024,P20023,INDRA
INDRA-926,P51671,Q16570,INDRA
INDRA-927,P51671,O00590,INDRA
INDRA-928,Q99616,Q16570,INDRA
INDRA-929,Q99616,O00590,INDRA
INDRA-930,Q16627,Q16570,INDRA
INDRA-931,Q16627,O00590,INDRA
INDRA-932,O15467,P32246,INDRA
INDRA-933,O15467,P51685,INDRA
INDRA-934,Q92583,Q16570,INDRA
INDRA-935,Q92583,O00590,INDRA
INDRA-936,P55774,P51685,INDRA
INDRA-937,P55774,P51677,INDRA
INDRA-938,P13500,Q16570,INDRA
INDRA-939,P13500,O00590,INDRA
INDRA-940,O00626,O00590,INDRA
INDRA-941,P55773,O00590,INDRA
INDRA-942,P55773,P25090,INDRA
INDRA-943,O00175,O00590,INDRA
INDRA-944,Q9Y258,P32246,INDRA
INDRA-945,Q9Y258,P51681,INDRA
INDRA-946,Q9Y258,P49238,INDRA
INDRA-947,P10147,O00590,INDRA
INDRA-948,P13236,O00590,INDRA
INDRA-949,P13501,Q16570,INDRA
INDRA-950,P13501,O00590,INDRA
INDRA-951,P80098,O00590,INDRA
INDRA-952,P80075,O00590,INDRA
INDRA-953,P32942,Q9NNX6,INDRA
INDRA-954,P09326,P06729,INDRA
INDRA-955,P09326,Q9BZW8,INDRA
INDRA-956,P19256,P06729,INDRA
INDRA-957,P33681,P16410,INDRA
INDRA-958,P42081,P16410,INDRA
INDRA-959,P12830,Q96E93,INDRA
INDRA-960,P09341,Q16570,INDRA
INDRA-961,O14625,P51681,INDRA
INDRA-962,O43927,P49682,INDRA
INDRA-963,O43927,Q9NPB9,INDRA
INDRA-964,P19875,Q16570,INDRA
INDRA-965,P10145,Q16570,INDRA
INDRA-966,Q9NYJ7,Q9UM47,INDRA
INDRA-967,Q9NYJ7,Q99466,INDRA
INDRA-968,Q9NR61,Q04721,INDRA
INDRA-969,Q9NR61,Q9UM47,INDRA
INDRA-970,O95390,P27037,INDRA
INDRA-971,O95390,P36897,INDRA
INDRA-972,O95390,P36896,INDRA
INDRA-973,P43026,P27037,INDRA
INDRA-974,P43026,P36894,INDRA
INDRA-975,Q6KF10,O00238,INDRA
INDRA-976,Q6KF10,P27037,INDRA
INDRA-977,Q7Z4P5,O00238,INDRA
INDRA-978,P04439,Q8NHL6,INDRA
INDRA-979,P04439,P43630,INDRA
INDRA-980,P01889,Q8NHL6,INDRA
INDRA-981,P01889,P43629,INDRA
INDRA-982,P10321,Q8NHL6,INDRA
INDRA-983,P10321,P43626,INDRA
INDRA-984,P10321,P43627,INDRA
INDRA-985,P10321,P43628,INDRA
INDRA-986,P13747,P26715,INDRA
INDRA-987,P30511,Q8NHL6,INDRA
INDRA-988,P17693,Q8N423,INDRA
INDRA-989,P09429,Q8TDQ0,INDRA
INDRA-990,O75144,Q9Y6W8,INDRA
INDRA-991,O75144,P10747,INDRA
INDRA-992,O75144,P16410,INDRA
INDRA-993,Q86WN2,P17181,INDRA
INDRA-994,Q14005,P01730,INDRA
INDRA-995,P01583,P27930,INDRA
INDRA-996,P18510,P27930,INDRA
INDRA-997,Q9GZX6,Q6UXL0,INDRA
INDRA-998,P13598,P05107,INDRA
INDRA-999,Q29983,P26718,INDRA
INDRA-1000,Q29980,P26718,INDRA
INDRA-1001,O14793,P36897,INDRA
INDRA-1002,O14793,P36896,INDRA
INDRA-1003,Q68D85,O14931,INDRA
INDRA-1004,Q9NQS3,Q495A1,INDRA
INDRA-1005,Q96S42,P27037,INDRA
INDRA-1006,Q99748,O00451,INDRA
INDRA-1007,Q9BQ51,Q15116,INDRA
INDRA-1008,P02776,P49682,INDRA
INDRA-1009,P10720,P49682,INDRA
INDRA-1010,P02775,P25024,INDRA
INDRA-1011,P02775,Q16570,INDRA
INDRA-1012,Q2I0M5,O75197,INDRA
INDRA-1013,Q2I0M5,O75581,INDRA
INDRA-1014,Q92854,O15031,INDRA
INDRA-1015,O75093,Q9HCK4,INDRA
INDRA-1016,O75093,Q9Y6N7,INDRA
INDRA-1017,P50591,O00300,INDRA
INDRA-1018,O43557,O95407,INDRA
INDRA-1019,Q13477,P13612,INDRA
INDRA-1020,P19320,P13612,INDRA
INDRA-1021,P49763,P17948,INDRA
INDRA-1022,P15692,O14786,INDRA
INDRA-1023,P15692,O60462,INDRA
INDRA-1024,P49765,O14786,INDRA
INDRA-1025,P49763,O14786,INDRA
INDRA-1026,P49763,O60462,INDRA
INDRA-1027,P04004,P06756,INDRA
INDRA-1028,Q9H1J7,O75197,INDRA
INDRA-1029,Q9H1J7,O75581,INDRA
INDRA-1030,Q9H1J7,O60353,INDRA
INDRA-1031,Q9H1J7,O75084,INDRA
INDRA-1032,Q9H1J7,O00144,INDRA
INDRA-1033,P29965,P05106,INDRA
INDRA-1034,P29965,P05556,INDRA
INDRA-1035,P29965,P05107,INDRA
INDRA-1036,P10451,P16070,INDRA
INDRA-1037,P10451,P06756,INDRA
INDRA-1038,P12111,P05556,INDRA
INDRA-1039,P12110,P05556,INDRA
INDRA-1040,P12109,P05556,INDRA
INDRA-1041,P25940,P05556,INDRA
INDRA-1042,P05997,P05556,INDRA
INDRA-1043,P20908,P05556,INDRA
INDRA-1044,P02461,P05556,INDRA
INDRA-1045,P39060,P05556,INDRA
INDRA-1046,P12107,P05556,INDRA
INDRA-1047,P12107,O75578,INDRA
INDRA-1048,P39060,O75578,INDRA
INDRA-1049,P02452,O75578,INDRA
INDRA-1050,P08123,O75578,INDRA
INDRA-1051,P02461,O75578,INDRA
INDRA-1052,P02462,O75578,INDRA
INDRA-1053,P08572,O75578,INDRA
INDRA-1054,P53420,O75578,INDRA
INDRA-1055,Q14031,O75578,INDRA
INDRA-1056,P20908,O75578,INDRA
INDRA-1057,P05997,O75578,INDRA
INDRA-1058,P25940,O75578,INDRA
INDRA-1059,P12109,O75578,INDRA
INDRA-1060,P12110,O75578,INDRA
INDRA-1061,P12111,O75578,INDRA
INDRA-1062,Q13275,P51805,INDRA
INDRA-1063,Q13275,Q9UIW2,INDRA
INDRA-1064,Q13275,O14786,INDRA
INDRA-1065,Q9NRV9,P08913,INDRA
INDRA-1066,Q9NRV9,P48039,INDRA
INDRA-1067,Q9NRV9,Q14831,INDRA
INDRA-1068,P07585,P00533,INDRA
INDRA-1069,P07585,P08581,INDRA
INDRA-1070,P07585,Q15303,INDRA
INDRA-1071,P28799,P00533,INDRA
INDRA-1072,P28799,Q99523,INDRA
INDRA-1073,P28799,P20333,INDRA
INDRA-1074,P28799,Q9H2X3,INDRA
INDRA-1075,P32942,P20701,INDRA
INDRA-1076,P32942,P05107,INDRA
INDRA-1077,P32942,Q9H2X3,INDRA
INDRA-1078,P32942,Q13349,INDRA
INDRA-1079,P08620,P11362,INDRA
INDRA-1080,P08620,P22607,INDRA
INDRA-1081,P08620,O14786,INDRA
INDRA-1082,O95631,Q6UXZ4,INDRA
INDRA-1083,O95631,Q8IZJ1,INDRA
INDRA-1084,O95631,P43146,INDRA
INDRA-1085,O95631,Q6ZN44,INDRA
INDRA-1086,O95631,P29275,INDRA
INDRA-1087,O95631,Q92859,INDRA
INDRA-1088,P09683,Q03431,INDRA
INDRA-1089,P09683,P41586,INDRA
INDRA-1090,P09683,O60895,INDRA
INDRA-1091,P09683,P32241,INDRA
INDRA-1092,P09683,O60896,INDRA
INDRA-1093,P09683,Q99678,INDRA
INDRA-1094,P09683,P07550,INDRA
INDRA-1095,P09683,P41587,INDRA
INDRA-1096,P09683,P13945,INDRA
INDRA-1097,P09683,P16473,INDRA
INDRA-1098,P09683,Q9NQS5,INDRA
INDRA-1099,Q9NP95,P21802,INDRA
INDRA-1100,Q9NP95,P22455,INDRA
INDRA-1101,Q9NP95,P11362,INDRA
INDRA-1102,Q9NP95,P22607,INDRA
INDRA-1103,P98172,O15197,INDRA
INDRA-1104,P98172,P04626,INDRA
INDRA-1105,P98172,P54764,INDRA
INDRA-1106,P98172,Q9UF33,INDRA
INDRA-1107,O43921,Q5JZY3,INDRA
INDRA-1108,O43921,P29320,INDRA
INDRA-1109,O43921,P21709,INDRA
INDRA-1110,Q9HCT0,P11362,INDRA
INDRA-1111,Q13477,P16070,INDRA
INDRA-1112,Q13477,P26010,INDRA
INDRA-1113,Q92583,P51685,INDRA
INDRA-1114,P01266,P07306,INDRA
INDRA-1115,P01266,P98164,INDRA
INDRA-1116,Q8N474,Q14332,INDRA
INDRA-1117,Q8N474,O60353,INDRA
INDRA-1118,Q9UBT3,O75581,INDRA
INDRA-1119,Q9UBT3,O75197,INDRA
INDRA-1120,P01229,Q03431,INDRA
INDRA-1121,P01229,P41586,INDRA
INDRA-1122,P01229,O60895,INDRA
INDRA-1123,P01229,P32241,INDRA
INDRA-1124,P01229,O60896,INDRA
INDRA-1125,P01229,Q99678,INDRA
INDRA-1126,P01229,P07550,INDRA
INDRA-1127,P01229,P13945,INDRA
INDRA-1128,P01229,P16473,INDRA
INDRA-1129,P01229,Q9NQS5,INDRA
INDRA-1130,P03971,P00533,INDRA
INDRA-1131,P01137,P00533,INDRA
INDRA-1132,P01137,P84022,INDRA
INDRA-1133,P01137,P05106,INDRA
INDRA-1134,P01137,P37023,INDRA
INDRA-1135,P01137,P06756,INDRA
INDRA-1136,P01137,P05556,INDRA
INDRA-1137,P01137,Q03135,INDRA
INDRA-1138,P01137,P34741,INDRA
INDRA-1139,P01137,P61073,INDRA
INDRA-1140,P01137,P18084,INDRA
INDRA-1141,Q9UMF0,P20701,INDRA
INDRA-1142,Q9UMF0,P05107,INDRA
INDRA-1143,P49747,P05556,INDRA
INDRA-1144,P49747,P05106,INDRA
INDRA-1145,P49747,P16671,INDRA
INDRA-1146,P14210,P16070,INDRA
INDRA-1147,P14210,P18827,INDRA
INDRA-1148,P14210,P05556,INDRA
INDRA-1149,P14210,P34741,INDRA
INDRA-1150,P14210,O14786,INDRA
INDRA-1151,P07942,Q13683,INDRA
INDRA-1152,P07942,P06756,INDRA
INDRA-1153,P07942,P05556,INDRA
INDRA-1154,P07942,P23229,INDRA
INDRA-1155,P07942,P56199,INDRA
INDRA-1156,P07942,P17301,INDRA
INDRA-1157,Q9UBV4,O60353,INDRA
INDRA-1158,Q9HCQ7,Q9Y5X5,INDRA
INDRA-1159,P05121,P98164,INDRA
INDRA-1160,P05121,Q03405,INDRA
INDRA-1161,P05121,P06756,INDRA
INDRA-1162,P05121,Q07954,INDRA
INDRA-1163,P05121,P18084,INDRA
INDRA-1164,P01031,P08913,INDRA
INDRA-1165,P01031,P48039,INDRA
INDRA-1166,P01031,Q14831,INDRA
INDRA-1167,P56703,P34925,INDRA
INDRA-1168,P56703,Q01974,INDRA
INDRA-1169,P56703,Q9UP38,INDRA
INDRA-1170,P56703,O75084,INDRA
INDRA-1171,P56703,Q9H461,INDRA
INDRA-1172,P56703,Q13467,INDRA
INDRA-1173,P13500,P32246,INDRA
INDRA-1174,P13500,P46092,INDRA
INDRA-1175,P13500,Q9NPB9,INDRA
INDRA-1176,Q99616,Q9NPB9,INDRA
INDRA-1177,Q99616,P51686,INDRA
INDRA-1178,P02452,P08648,INDRA
INDRA-1179,P02452,Q9NPY3,INDRA
INDRA-1180,P02452,P35916,INDRA
INDRA-1181,P02452,P16671,INDRA
INDRA-1182,P02452,P56199,INDRA
INDRA-1183,P02452,Q16832,INDRA
INDRA-1184,P02452,P16070,INDRA
INDRA-1185,P02452,P06756,INDRA
INDRA-1186,P02452,Q9UKX5,INDRA
INDRA-1187,P02452,P17301,INDRA
INDRA-1188,Q15768,O15197,INDRA
INDRA-1189,Q15768,P54760,INDRA
INDRA-1190,Q15768,P54762,INDRA
INDRA-1191,Q15768,P29323,INDRA
INDRA-1192,P04004,P08648,INDRA
INDRA-1193,P04004,P53708,INDRA
INDRA-1194,P04004,Q08722,INDRA
INDRA-1195,P04004,P35968,INDRA
INDRA-1196,P04004,Q03405,INDRA
INDRA-1197,P04004,P08514,INDRA
INDRA-1198,P04004,P05106,INDRA
INDRA-1199,P04004,P18564,INDRA
INDRA-1200,P04004,O00300,INDRA
INDRA-1201,P04004,P15151,INDRA
INDRA-1202,P04004,P18084,INDRA
INDRA-1203,P21815,P05106,INDRA
INDRA-1204,P21815,P06756,INDRA
INDRA-1205,P80162,P08913,INDRA
INDRA-1206,P80162,Q16570,INDRA
INDRA-1207,P80162,Q14831,INDRA
INDRA-1208,P80162,P48039,INDRA
INDRA-1209,P02656,P98164,INDRA
INDRA-1210,P02656,P01130,INDRA
INDRA-1211,P02656,Q07954,INDRA
INDRA-1212,P02656,P34741,INDRA
INDRA-1213,Q14242,P11215,INDRA
INDRA-1214,Q14242,P14151,INDRA
INDRA-1215,Q14242,P05107,INDRA
INDRA-1216,Q9NPF7,Q99665,INDRA
INDRA-1217,P10767,P31431,INDRA
INDRA-1218,P10767,P11362,INDRA
INDRA-1219,P10767,P22607,INDRA
INDRA-1220,Q9BZM6,P26718,INDRA
INDRA-1221,Q16363,P23229,INDRA
INDRA-1222,Q16363,P06756,INDRA
INDRA-1223,Q16363,P05556,INDRA
INDRA-1224,Q99075,P16070,INDRA
INDRA-1225,Q99075,P16471,INDRA
INDRA-1226,Q99075,P04626,INDRA
INDRA-1227,P05112,Q14627,INDRA
INDRA-1228,P02788,Q07954,INDRA
INDRA-1229,P02788,P02786,INDRA
INDRA-1230,P04196,P04626,INDRA
INDRA-1231,P04196,P12314,INDRA
INDRA-1232,P04196,P21860,INDRA
INDRA-1233,P10646,Q07954,INDRA
INDRA-1234,P10646,P31431,INDRA
INDRA-1235,P10646,P13726,INDRA
INDRA-1236,P04114,P11215,INDRA
INDRA-1237,P04114,P78380,INDRA
INDRA-1238,P04114,P98164,INDRA
INDRA-1239,P04114,P98155,INDRA
INDRA-1240,P04114,P30988,INDRA
INDRA-1241,P04114,Q86X29,INDRA
INDRA-1242,P04114,P07550,INDRA
INDRA-1243,P04114,Q07954,INDRA
INDRA-1244,P04114,P05107,INDRA
INDRA-1245,P04114,Q14114,INDRA
INDRA-1246,Q9Y6F9,Q9ULV1,INDRA
INDRA-1247,P02647,P98164,INDRA
INDRA-1248,P02647,P01130,INDRA
INDRA-1249,P02647,Q07954,INDRA
INDRA-1250,Q9GZV9,P21802,INDRA
INDRA-1251,Q9GZV9,P78562,INDRA
INDRA-1252,Q9GZV9,P22455,INDRA
INDRA-1253,Q9GZV9,P11362,INDRA
INDRA-1254,Q9GZV9,P22607,INDRA
INDRA-1255,P10600,P05556,INDRA
INDRA-1256,P10600,P05106,INDRA
INDRA-1257,P10600,P37023,INDRA
INDRA-1258,P10600,P18564,INDRA
INDRA-1259,P10600,P18084,INDRA
INDRA-1260,P10997,Q03431,INDRA
INDRA-1261,P10997,P41586,INDRA
INDRA-1262,P10997,P32241,INDRA
INDRA-1263,P10997,Q99678,INDRA
INDRA-1264,P10997,P07550,INDRA
INDRA-1265,P10997,P13945,INDRA
INDRA-1266,P10997,P16473,INDRA
INDRA-1267,P10997,Q9NQS5,INDRA
INDRA-1268,P50591,Q13546,INDRA
INDRA-1269,P08476,Q04771,INDRA
INDRA-1270,P08476,P84022,INDRA
INDRA-1271,P08476,Q13145,INDRA
INDRA-1272,P05111,Q04771,INDRA
INDRA-1273,O14944,P04626,INDRA
INDRA-1274,P52799,O15197,INDRA
INDRA-1275,P52799,P16284,INDRA
INDRA-1276,P52799,P41594,INDRA
INDRA-1277,P52799,P54764,INDRA
INDRA-1278,P52799,Q9UF33,INDRA
INDRA-1279,P52799,Q13255,INDRA
INDRA-1280,P12644,O75581,INDRA
INDRA-1281,O60542,O60609,INDRA
INDRA-1282,O60542,P07949,INDRA
INDRA-1283,O60542,O75056,INDRA
INDRA-1284,O60542,O00451,INDRA
INDRA-1285,O60542,P56159,INDRA
INDRA-1286,P41273,P15151,INDRA
INDRA-1287,P32970,O14836,INDRA
INDRA-1288,P01024,P11215,INDRA
INDRA-1289,P01024,P15529,INDRA
INDRA-1290,P01024,P48039,INDRA
INDRA-1291,P01024,Q9P296,INDRA
INDRA-1292,P01024,Q14831,INDRA
INDRA-1293,P01024,P20702,INDRA
INDRA-1294,P01024,P08913,INDRA
INDRA-1295,P01024,P17927,INDRA
INDRA-1296,P01024,P05107,INDRA
INDRA-1297,P27539,P84022,INDRA
INDRA-1298,P23515,Q86UN2,INDRA
INDRA-1299,P02649,O75581,INDRA
INDRA-1300,P02649,P98164,INDRA
INDRA-1301,P02649,P01130,INDRA
INDRA-1302,P02649,O75197,INDRA
INDRA-1303,P02649,Q9NZC2,INDRA
INDRA-1304,P02649,Q86X29,INDRA
INDRA-1305,P02649,Q8WTV0,INDRA
INDRA-1306,P02649,P34741,INDRA
INDRA-1307,P02649,Q14114,INDRA
INDRA-1308,P02649,O75096,INDRA
INDRA-1309,O95972,P36894,INDRA
INDRA-1310,P01588,P54760,INDRA
INDRA-1311,Q99988,P07949,INDRA
INDRA-1312,O15230,P18827,INDRA
INDRA-1313,O15230,P23229,INDRA
INDRA-1314,O15230,P50895,INDRA
INDRA-1315,O15230,P05556,INDRA
INDRA-1316,O15230,P17301,INDRA
INDRA-1317,P78504,P15529,INDRA
INDRA-1318,P78504,Q99466,INDRA
INDRA-1319,P02741,P78380,INDRA
INDRA-1320,P02741,P17927,INDRA
INDRA-1321,P30990,Q99523,INDRA
INDRA-1322,P01222,Q03431,INDRA
INDRA-1323,P01222,P41586,INDRA
INDRA-1324,P01222,P32241,INDRA
INDRA-1325,P01222,Q99678,INDRA
INDRA-1326,P01222,P07550,INDRA
INDRA-1327,P01222,P13945,INDRA
INDRA-1328,P01222,Q9NQS5,INDRA
INDRA-1329,P07492,P32247,INDRA
INDRA-1330,P07492,P28336,INDRA
INDRA-1331,O95390,Q13873,INDRA
INDRA-1332,O95390,P36894,INDRA
INDRA-1333,O95390,O00238,INDRA
INDRA-1334,P11047,P23229,INDRA
INDRA-1335,P11047,P56199,INDRA
INDRA-1336,P11047,Q13683,INDRA
INDRA-1337,P11047,P06756,INDRA
INDRA-1338,P11047,P05556,INDRA
INDRA-1339,P11047,P17301,INDRA
INDRA-1340,P48745,Q9UIW2,INDRA
INDRA-1341,O00585,P08913,INDRA
INDRA-1342,O00585,P48039,INDRA
INDRA-1343,O00585,P49682,INDRA
INDRA-1344,O00585,Q14831,INDRA
INDRA-1345,O00585,O00590,INDRA
INDRA-1346,Q9Y4X3,P08913,INDRA
INDRA-1347,Q9Y4X3,Q14831,INDRA
INDRA-1348,Q9Y4X3,O00590,INDRA
INDRA-1349,Q9Y4X3,P48039,INDRA
INDRA-1350,P07996,P13612,INDRA
INDRA-1351,P07996,Q08722,INDRA
INDRA-1352,P07996,P18827,INDRA
INDRA-1353,P07996,P05556,INDRA
INDRA-1354,P07996,O75197,INDRA
INDRA-1355,P07996,P08514,INDRA
INDRA-1356,P07996,P05106,INDRA
INDRA-1357,P07996,P31431,INDRA
INDRA-1358,P07996,Q8WTV0,INDRA
INDRA-1359,P07996,P23229,INDRA
INDRA-1360,P07996,O00300,INDRA
INDRA-1361,P07996,P16671,INDRA
INDRA-1362,P04275,Q6ZMJ2,INDRA
INDRA-1363,P04275,P08514,INDRA
INDRA-1364,P04275,Q8WWQ8,INDRA
INDRA-1365,P04275,P16109,INDRA
INDRA-1366,P04275,P78324,INDRA
INDRA-1367,P04275,O00300,INDRA
INDRA-1368,P04275,P07359,INDRA
INDRA-1369,P12830,P00533,INDRA
INDRA-1370,P12830,O75197,INDRA
INDRA-1371,P12830,P08069,INDRA
INDRA-1372,P12830,P21860,INDRA
INDRA-1373,P12830,P38570,INDRA
INDRA-1374,P12830,P28827,INDRA
INDRA-1375,P12830,P10586,INDRA
INDRA-1376,O75326,P56199,INDRA
INDRA-1377,P01584,P07550,INDRA
INDRA-1378,Q13753,P23229,INDRA
INDRA-1379,Q13753,P48509,INDRA
INDRA-1380,Q13753,P05556,INDRA
INDRA-1381,Q13753,P17301,INDRA
INDRA-1382,P14543,P05556,INDRA
INDRA-1383,P14543,P05106,INDRA
INDRA-1384,P14543,P10586,INDRA
INDRA-1385,P48645,P08913,INDRA
INDRA-1386,P48645,Q14831,INDRA
INDRA-1387,P48645,P48039,INDRA
INDRA-1388,P09038,P18827,INDRA
INDRA-1389,P09038,P11362,INDRA
INDRA-1390,P09038,P16070,INDRA
INDRA-1391,P09038,O75056,INDRA
INDRA-1392,P09038,P31431,INDRA
INDRA-1393,P09038,P34741,INDRA
INDRA-1394,P09038,Q8N441,INDRA
INDRA-1395,P09038,O14786,INDRA
INDRA-1396,P41221,Q13308,INDRA
INDRA-1397,P41221,P01130,INDRA
INDRA-1398,P41221,O75197,INDRA
INDRA-1399,P41221,Q15375,INDRA
INDRA-1400,P41221,Q15262,INDRA
INDRA-1401,P41221,P07550,INDRA
INDRA-1402,P41221,Q9UP38,INDRA
INDRA-1403,P41221,O00144,INDRA
INDRA-1404,P41221,O75084,INDRA
INDRA-1405,P41221,Q9H461,INDRA
INDRA-1406,P41221,Q9H6X2,INDRA
INDRA-1407,O15520,Q8N441,INDRA
INDRA-1408,O15520,P11362,INDRA
INDRA-1409,P01042,P11215,INDRA
INDRA-1410,P01042,P08913,INDRA
INDRA-1411,P01042,Q8TDU9,INDRA
INDRA-1412,P01042,Q03405,INDRA
INDRA-1413,P01042,P48039,INDRA
INDRA-1414,P01042,P05107,INDRA
INDRA-1415,P01042,P34741,INDRA
INDRA-1416,P01042,Q14831,INDRA
INDRA-1417,P01042,P07359,INDRA
INDRA-1418,P24821,P08648,INDRA
INDRA-1419,P24821,P18827,INDRA
INDRA-1420,P24821,P00533,INDRA
INDRA-1421,P24821,P05106,INDRA
INDRA-1422,P24821,Q13683,INDRA
INDRA-1423,P24821,P31431,INDRA
INDRA-1424,P01133,P01130,INDRA
INDRA-1425,P01133,P23945,INDRA
INDRA-1426,P01133,P21860,INDRA
INDRA-1427,P01133,P07550,INDRA
INDRA-1428,P01133,Q03135,INDRA
INDRA-1429,P01133,Q15303,INDRA
INDRA-1430,P01133,O14786,INDRA
INDRA-1431,P01133,P30530,INDRA
INDRA-1432,Q99985,Q9Y4D7,INDRA
INDRA-1433,Q99985,O14786,INDRA
INDRA-1434,Q14563,P51805,INDRA
INDRA-1435,Q14563,O60462,INDRA
INDRA-1436,P09544,Q9UP38,INDRA
INDRA-1437,P09544,Q9ULV1,INDRA
INDRA-1438,P09544,O75084,INDRA
INDRA-1439,P09544,Q9NPG1,INDRA
INDRA-1440,P09544,Q9H461,INDRA
INDRA-1441,P09544,Q13467,INDRA
INDRA-1442,P09544,Q14332,INDRA
INDRA-1443,P22466,P08913,INDRA
INDRA-1444,P22466,P48039,INDRA
INDRA-1445,P22466,Q14831,INDRA
INDRA-1446,P22466,Q8TDV0,INDRA
INDRA-1447,Q99965,P05556,INDRA
INDRA-1448,Q99965,P23229,INDRA
INDRA-1449,Q99965,P26010,INDRA
INDRA-1450,P58166,Q13705,INDRA
INDRA-1451,O43323,Q9BWV1,INDRA
INDRA-1452,O43323,Q4KMG0,INDRA
INDRA-1453,P21781,P22455,INDRA
INDRA-1454,P21781,P11362,INDRA
INDRA-1455,P21781,P22607,INDRA
INDRA-1456,Q96A98,P41586,INDRA
INDRA-1457,Q96A98,P16473,INDRA
INDRA-1458,Q96A98,Q99678,INDRA
INDRA-1459,Q96A98,Q9NQS5,INDRA
INDRA-1460,Q96A98,P07550,INDRA
INDRA-1461,Q96A98,P13945,INDRA
INDRA-1462,Q96A98,P32241,INDRA
INDRA-1463,P0DP24,Q9HCN6,INDRA
INDRA-1464,P0DP24,P41594,INDRA
INDRA-1465,Q96RP3,Q08334,INDRA
INDRA-1466,Q96HF1,Q13467,INDRA
INDRA-1467,O76093,P22455,INDRA
INDRA-1468,O76093,P11362,INDRA
INDRA-1469,O76093,P22607,INDRA
INDRA-1470,P06850,P41586,INDRA
INDRA-1471,P06850,P07550,INDRA
INDRA-1472,P06850,Q9NQS5,INDRA
INDRA-1473,P06850,Q03431,INDRA
INDRA-1474,P06850,P32241,INDRA
INDRA-1475,P06850,Q99678,INDRA
INDRA-1476,P06850,P13945,INDRA
INDRA-1477,P06850,P16473,INDRA
INDRA-1478,P05155,P16581,INDRA
INDRA-1479,Q96T91,Q9UF33,INDRA
INDRA-1480,P01270,P41586,INDRA
INDRA-1481,P01270,P07550,INDRA
INDRA-1482,P01270,Q9NQS5,INDRA
INDRA-1483,P01270,P32241,INDRA
INDRA-1484,P01270,Q99678,INDRA
INDRA-1485,P01270,P13945,INDRA
INDRA-1486,P01270,P16473,INDRA
INDRA-1487,P56704,Q13467,INDRA
INDRA-1488,P56704,Q01973,INDRA
INDRA-1489,P56704,O75787,INDRA
INDRA-1490,P56704,O75084,INDRA
INDRA-1491,P05067,P98155,INDRA
INDRA-1492,P05067,P48039,INDRA
INDRA-1493,P05067,P25090,INDRA
INDRA-1494,P05067,Q14831,INDRA
INDRA-1495,P05067,Q7Z4F1,INDRA
INDRA-1496,P05067,P43146,INDRA
INDRA-1497,P05067,Q03135,INDRA
INDRA-1498,P05067,P08865,INDRA
INDRA-1499,P05067,O75509,INDRA
INDRA-1500,P05067,Q92542,INDRA
INDRA-1501,P05067,Q15109,INDRA
INDRA-1502,O00755,P01130,INDRA
INDRA-1503,O00755,O00144,INDRA
INDRA-1504,Q9UBU2,Q8NCW0,INDRA
INDRA-1505,O43927,P46092,INDRA
INDRA-1506,O43927,Q14831,INDRA
INDRA-1507,O43927,P48039,INDRA
INDRA-1508,Q96S42,P84022,INDRA
INDRA-1509,P61278,P48039,INDRA
INDRA-1510,P61278,Q14831,INDRA
INDRA-1511,P56705,Q9H461,INDRA
INDRA-1512,P56705,Q14332,INDRA
INDRA-1513,O00253,O75056,INDRA
INDRA-1514,P0DP25,Q92736,INDRA
INDRA-1515,P0DP25,Q9HCN6,INDRA
INDRA-1516,P0DP25,P41594,INDRA
INDRA-1517,P0DP25,P10275,INDRA
INDRA-1518,O43612,Q9Y5X5,INDRA
INDRA-1519,Q9Y566,O60241,INDRA
INDRA-1520,Q9Y566,P30874,INDRA
INDRA-1521,Q9Y566,O95490,INDRA
INDRA-1522,Q9Y566,O94910,INDRA
INDRA-1523,P04628,Q01974,INDRA
INDRA-1524,P04628,O00144,INDRA
INDRA-1525,P04628,Q13467,INDRA
INDRA-1526,Q9H2A7,Q14831,INDRA
INDRA-1527,Q9H2A7,P48039,INDRA
INDRA-1528,O43508,Q93038,INDRA
INDRA-1529,O00634,Q92859,INDRA
INDRA-1530,O00634,Q4KMG0,INDRA
INDRA-1531,O95750,P21802,INDRA
INDRA-1532,O95750,P11362,INDRA
INDRA-1533,O95750,P22607,INDRA
INDRA-1534,P19320,Q13349,INDRA
INDRA-1535,P09529,P84022,INDRA
INDRA-1536,P01135,Q15303,INDRA
INDRA-1537,P12111,P17301,INDRA
INDRA-1538,Q14623,Q9BWV1,INDRA
INDRA-1539,Q14623,Q4KMG0,INDRA
INDRA-1540,P19876,P48039,INDRA
INDRA-1541,P19876,Q14831,INDRA
INDRA-1542,P42830,P48039,INDRA
INDRA-1543,P42830,Q16570,INDRA
INDRA-1544,P42830,Q14831,INDRA
INDRA-1545,P02775,P48039,INDRA
INDRA-1546,P02775,Q14831,INDRA
INDRA-1547,P02776,P21802,INDRA
INDRA-1548,P02776,P34741,INDRA
INDRA-1549,P02776,Q16570,INDRA
INDRA-1550,P02776,Q14831,INDRA
INDRA-1551,P02776,P01130,INDRA
INDRA-1552,P02776,P07204,INDRA
INDRA-1553,P02776,P48039,INDRA
INDRA-1554,P13385,Q13705,INDRA
INDRA-1555,P13385,P84022,INDRA
INDRA-1556,Q8WWY8,Q92633,INDRA
INDRA-1557,Q8WWY8,Q99677,INDRA
INDRA-1558,P40933,P01589,INDRA
INDRA-1559,P04141,P05556,INDRA
INDRA-1560,P04141,P26951,INDRA
INDRA-1561,P04141,P34741,INDRA
INDRA-1562,Q15465,Q4KMG0,INDRA
INDRA-1563,P08123,P16070,INDRA
INDRA-1564,P08123,Q9UKX5,INDRA
INDRA-1565,P08123,P05106,INDRA
INDRA-1566,P08123,P16671,INDRA
INDRA-1567,O43915,P13612,INDRA
INDRA-1568,O43915,P05556,INDRA
INDRA-1569,O43915,O60462,INDRA
INDRA-1570,P14625,Q9NR96,INDRA
INDRA-1571,P14625,Q9NYK1,INDRA
INDRA-1572,Q13519,Q14831,INDRA
INDRA-1573,Q13519,P48039,INDRA
INDRA-1574,P05019,P06213,INDRA
INDRA-1575,P05019,P11717,INDRA
INDRA-1576,Q9Y5Q6,P48039,INDRA
INDRA-1577,Q9Y5Q6,Q14831,INDRA
INDRA-1578,Q8NBP7,P98155,INDRA
INDRA-1579,Q8NBP7,P01130,INDRA
INDRA-1580,O15041,Q9Y4D7,INDRA
INDRA-1581,P29459,P10747,INDRA
INDRA-1582,P02461,Q16832,INDRA
INDRA-1583,P02461,Q08345,INDRA
INDRA-1584,P35225,Q86XT9,INDRA
INDRA-1585,P35225,P31785,INDRA
INDRA-1586,P02778,P31431,INDRA
INDRA-1587,P02778,Q14831,INDRA
INDRA-1588,P02671,P11215,INDRA
INDRA-1589,P02671,Q03405,INDRA
INDRA-1590,P02671,P05106,INDRA
INDRA-1591,P02671,P05107,INDRA
INDRA-1592,P02671,Q13349,INDRA
INDRA-1593,P10145,P18827,INDRA
INDRA-1594,P10145,O75056,INDRA
INDRA-1595,P10145,P34741,INDRA
INDRA-1596,P10145,Q14831,INDRA
INDRA-1597,O14625,Q16570,INDRA
INDRA-1598,O14625,Q14831,INDRA
INDRA-1599,Q9UKY0,P08865,INDRA
INDRA-1600,P55103,Q13705,INDRA
INDRA-1601,P55103,P36896,INDRA
INDRA-1602,Q99731,P46092,INDRA
INDRA-1603,Q99731,Q14831,INDRA
INDRA-1604,Q99731,O00590,INDRA
INDRA-1605,P49765,P07949,INDRA
INDRA-1606,P12034,P22607,INDRA
INDRA-1607,P04899,Q9UBY5,INDRA
INDRA-1608,P04899,Q9H228,INDRA
INDRA-1609,P04899,P25101,INDRA
INDRA-1610,P04899,P30542,INDRA
INDRA-1611,P04899,P21730,INDRA
INDRA-1612,P04899,P18089,INDRA
INDRA-1613,P04899,P25116,INDRA
INDRA-1614,P04899,P21462,INDRA
INDRA-1615,P04899,Q99500,INDRA
INDRA-1616,P04899,P35372,INDRA
INDRA-1617,P04899,Q8IZJ1,INDRA
INDRA-1618,P04899,Q03135,INDRA
INDRA-1619,P04899,Q92729,INDRA
INDRA-1620,P04899,P21731,INDRA
INDRA-1621,P04899,P49682,INDRA
INDRA-1622,P04899,P24530,INDRA
INDRA-1623,P04899,P25025,INDRA
INDRA-1624,P04899,P14416,INDRA
INDRA-1625,P04899,P16473,INDRA
INDRA-1626,P04899,P50052,INDRA
INDRA-1627,P04899,P21554,INDRA
INDRA-1628,O15123,P35590,INDRA
INDRA-1629,P27797,P40238,INDRA
INDRA-1630,P27797,P16473,INDRA
INDRA-1631,P08519,P11215,INDRA
INDRA-1632,P08519,Q9UBY5,INDRA
INDRA-1633,P08519,P05107,INDRA
INDRA-1634,P08519,Q92633,INDRA
INDRA-1635,P08519,Q99677,INDRA
INDRA-1636,P08519,Q9HBW0,INDRA
INDRA-1637,P55075,Q8N441,INDRA
INDRA-1638,P55075,P11362,INDRA
INDRA-1639,P55075,P22607,INDRA
INDRA-1640,Q92913,P11362,INDRA
INDRA-1641,Q92913,P21802,INDRA
INDRA-1642,Q92913,P22607,INDRA
INDRA-1643,P01210,Q14831,INDRA
INDRA-1644,Q16787,P05556,INDRA
INDRA-1645,Q8NFY4,Q9NZC2,INDRA
INDRA-1646,Q8NFY4,Q9UIW2,INDRA
INDRA-1647,O96014,A4D1S0,INDRA
INDRA-1648,P49768,Q99466,INDRA
INDRA-1649,P49768,P16070,INDRA
INDRA-1650,P09603,P78324,INDRA
INDRA-1651,Q9Y219,Q99466,INDRA
INDRA-1652,P52803,O15197,INDRA
INDRA-1653,P52803,Q5JZY3,INDRA
INDRA-1654,P52803,P54762,INDRA
INDRA-1655,P52803,P29323,INDRA
INDRA-1656,O95157,P58400,INDRA
INDRA-1657,O95157,Q9ULB1,INDRA
INDRA-1658,O95157,Q9Y4C0,INDRA
INDRA-1659,O95157,Q9HDB5,INDRA
INDRA-1660,Q8N729,Q14831,INDRA
INDRA-1661,P06881,P41586,INDRA
INDRA-1662,P01258,P41586,INDRA
INDRA-1663,P06881,Q9NQS5,INDRA
INDRA-1664,P01258,Q9NQS5,INDRA
INDRA-1665,P06881,Q99678,INDRA
INDRA-1666,P01258,Q99678,INDRA
INDRA-1667,P06881,P13945,INDRA
INDRA-1668,P01258,P13945,INDRA
INDRA-1669,P06881,P16473,INDRA
INDRA-1670,P01258,P16473,INDRA
INDRA-1671,O75094,Q9HCK4,INDRA
INDRA-1672,O75094,Q9Y6N7,INDRA
INDRA-1673,P20382,Q14831,INDRA
INDRA-1674,Q8NG41,Q14831,INDRA
INDRA-1675,Q86UU9,P21452,INDRA
INDRA-1676,P11487,P11362,INDRA
INDRA-1677,P11487,P22607,INDRA
INDRA-1678,Q9UBU3,P43115,INDRA
INDRA-1679,Q9UBU3,P21731,INDRA
INDRA-1680,O95715,P61073,INDRA
INDRA-1681,Q9NQC3,Q9NS68,INDRA
INDRA-1682,Q9HB63,P43146,INDRA
INDRA-1683,P56706,Q9ULV1,INDRA
INDRA-1684,P21246,P18827,INDRA
INDRA-1685,P21246,O75056,INDRA
INDRA-1686,P21246,P23471,INDRA
INDRA-1687,P21246,Q13332,INDRA
INDRA-1688,Q14773,P11215,INDRA
INDRA-1689,Q14773,P20701,INDRA
INDRA-1690,Q14773,P13612,INDRA
INDRA-1691,Q14773,P05106,INDRA
INDRA-1692,Q14773,P05107,INDRA
INDRA-1693,Q14773,P05556,INDRA
INDRA-1694,O75888,Q92956,INDRA
INDRA-1695,O75888,P25445,INDRA
INDRA-1696,P09429,P18827,INDRA
INDRA-1697,P09429,Q9NR96,INDRA
INDRA-1698,P09429,P07204,INDRA
INDRA-1699,P09429,P61073,INDRA
INDRA-1700,P09429,Q86VB7,INDRA
INDRA-1701,P02751,P13612,INDRA
INDRA-1702,P02751,P05106,INDRA
INDRA-1703,P02751,P21730,INDRA
INDRA-1704,P02751,P23229,INDRA
INDRA-1705,P02751,P53708,INDRA
INDRA-1706,P02751,P16070,INDRA
INDRA-1707,P02751,P16473,INDRA
INDRA-1708,P39060,P05106,INDRA
INDRA-1709,Q2MKA7,Q9H461,INDRA
INDRA-1710,Q9BXY4,Q9H461,INDRA
INDRA-1711,Q13444,P05556,INDRA
INDRA-1712,Q13444,P05106,INDRA
INDRA-1713,P0DP23,Q14832,INDRA
INDRA-1714,P0DP23,P30988,INDRA
INDRA-1715,P0DP23,Q14833,INDRA
INDRA-1716,P0DP23,P34998,INDRA
INDRA-1717,P0DP23,O75330,INDRA
INDRA-1718,P0DP23,P41586,INDRA
INDRA-1719,P0DP23,P35372,INDRA
INDRA-1720,P0DP23,Q92736,INDRA
INDRA-1721,P0DP23,P43220,INDRA
INDRA-1722,P09681,P41586,INDRA
INDRA-1723,P09681,P16473,INDRA
INDRA-1724,P09681,Q99678,INDRA
INDRA-1725,P09681,Q9NQS5,INDRA
INDRA-1726,O60258,P11362,INDRA
INDRA-1727,P00451,P01130,INDRA
INDRA-1728,P08572,P05106,INDRA
INDRA-1729,Q9Y6N6,P23229,INDRA
INDRA-1730,Q9Y6N6,P05556,INDRA
INDRA-1731,Q9NRJ3,O00590,INDRA
INDRA-1732,P12109,P23229,INDRA
INDRA-1733,P26441,P08887,INDRA
INDRA-1734,O00548,Q99466,INDRA
INDRA-1735,P35442,P13612,INDRA
INDRA-1736,P35442,P05556,INDRA
INDRA-1737,P35442,P05106,INDRA
INDRA-1738,P35442,Q99466,INDRA
INDRA-1739,P35442,P23229,INDRA
INDRA-1740,P35442,P16671,INDRA
INDRA-1741,O00292,P36896,INDRA
INDRA-1742,P01282,Q9NQS5,INDRA
INDRA-1743,P01282,Q99678,INDRA
INDRA-1744,P01282,P16473,INDRA
INDRA-1745,P08603,P11215,INDRA
INDRA-1746,P47992,Q8WXG9,INDRA
INDRA-1747,P29279,P11215,INDRA
INDRA-1748,P29279,P04629,INDRA
INDRA-1749,P29279,P05107,INDRA
INDRA-1750,P20827,O15197,INDRA
INDRA-1751,P20827,Q5JZY3,INDRA
INDRA-1752,P20827,P54762,INDRA
INDRA-1753,P52797,O15197,INDRA
INDRA-1754,P52797,Q5JZY3,INDRA
INDRA-1755,P52797,P54762,INDRA
INDRA-1756,P05109,P05107,INDRA
INDRA-1757,P05109,P16671,INDRA
INDRA-1758,P06702,P05107,INDRA
INDRA-1759,P06702,P16671,INDRA
INDRA-1760,P01138,Q00994,INDRA
INDRA-1761,Q93097,Q9ULV1,INDRA
INDRA-1762,P12107,Q08345,INDRA
INDRA-1763,P29965,P11215,INDRA
INDRA-1764,P63092,P34998,INDRA
INDRA-1765,P84996,P34998,INDRA
INDRA-1766,Q5JWF2,P34998,INDRA
INDRA-1767,O95467,P34998,INDRA
INDRA-1768,P63092,P43220,INDRA
INDRA-1769,P84996,P43220,INDRA
INDRA-1770,Q5JWF2,P43220,INDRA
INDRA-1771,O95467,P43220,INDRA
INDRA-1772,P84996,P47871,INDRA
INDRA-1773,Q5JWF2,P47871,INDRA
INDRA-1774,O95467,P47871,INDRA
INDRA-1775,P84996,P16473,INDRA
INDRA-1776,Q5JWF2,P16473,INDRA
INDRA-1777,O95467,P16473,INDRA
INDRA-1778,P20800,P24530,INDRA
INDRA-1779,P01286,P41586,INDRA
INDRA-1780,P01286,Q99678,INDRA
INDRA-1781,P01286,P16473,INDRA
INDRA-1782,P01286,Q9NQS5,INDRA
INDRA-1783,P43026,Q01974,INDRA
INDRA-1784,P98160,P18827,INDRA
INDRA-1785,P98160,P05556,INDRA
INDRA-1786,P98160,P11362,INDRA
INDRA-1787,P05997,Q08345,INDRA
INDRA-1788,P43405,O43561,INDRA
INDRA-1789,P10321,Q8N423,INDRA
INDRA-1790,P10321,P09693,INDRA
INDRA-1791,P10321,P43629,INDRA
INDRA-1792,P13747,P26717,INDRA
INDRA-1793,P13747,Q13241,INDRA
INDRA-1794,P13747,P43629,INDRA
INDRA-1795,Q00604,Q9BXB1,INDRA
INDRA-1796,O00468,P05556,INDRA
INDRA-1797,P51460,P41586,INDRA
INDRA-1798,P51460,P16473,INDRA
INDRA-1799,P51460,Q9NQS5,INDRA
INDRA-1800,P51460,Q9HBX9,INDRA
INDRA-1801,P01185,P41586,INDRA
INDRA-1802,P01185,P01130,INDRA
INDRA-1803,P01185,Q9NQS5,INDRA
INDRA-1804,P01185,P16473,INDRA
INDRA-1805,Q969E3,P34998,INDRA
INDRA-1806,P02458,Q08345,INDRA
INDRA-1807,P04090,P41586,INDRA
INDRA-1808,P04090,P16473,INDRA
INDRA-1809,P04090,Q9NQS5,INDRA
INDRA-1810,Q96DA0,O60602,INDRA
INDRA-1811,Q96DA0,P61073,INDRA
INDRA-1812,P31371,P21802,INDRA
INDRA-1813,P31371,P11362,INDRA
INDRA-1814,Q13591,Q9ULL4,INDRA
INDRA-1815,P25391,P23229,INDRA
INDRA-1816,P25391,Q13683,INDRA
INDRA-1817,P25391,P05556,INDRA
INDRA-1818,O15444,O00590,INDRA
INDRA-1819,Q13751,P48509,INDRA
INDRA-1820,Q13751,P05556,INDRA
INDRA-1821,Q13751,P23229,INDRA
INDRA-1822,P10451,P13612,INDRA
INDRA-1823,Q7Z4H4,P41586,INDRA
INDRA-1824,Q7Z4H4,P16473,INDRA
INDRA-1825,Q7Z4H4,Q9NQS5,INDRA
INDRA-1826,P48061,P05556,INDRA
INDRA-1827,P53420,P05106,INDRA
INDRA-1828,P04439,P09693,INDRA
INDRA-1829,P0C0P6,P41586,INDRA
INDRA-1830,P0C0P6,Q9NQS5,INDRA
INDRA-1831,P0C0P6,P16473,INDRA
INDRA-1832,P01189,P41586,INDRA
INDRA-1833,P01189,P35372,INDRA
INDRA-1834,P01189,Q9NQS5,INDRA
INDRA-1835,P01189,P16473,INDRA
INDRA-1836,P58417,Q9HDB5,INDRA
INDRA-1837,P0DJI8,P21462,INDRA
INDRA-1838,P21741,P23229,INDRA
INDRA-1839,P02787,P01130,INDRA
INDRA-1840,P02787,Q9UP52,INDRA
INDRA-1841,Q5T4W7,O00451,INDRA
INDRA-1842,P01275,P41586,INDRA
INDRA-1843,P01275,Q9NQS5,INDRA
INDRA-1844,P01275,P16473,INDRA
INDRA-1845,Q15848,O15529,INDRA
INDRA-1846,P20783,P04629,INDRA
INDRA-1847,Q8WXF3,P41586,INDRA
INDRA-1848,Q8WXF3,P16473,INDRA
INDRA-1849,Q8WXF3,Q9NQS5,INDRA
INDRA-1850,P01375,O15552,INDRA
INDRA-1851,O00622,P11215,INDRA
INDRA-1852,O00622,P05106,INDRA
INDRA-1853,P01889,P09693,INDRA
INDRA-1854,O43320,P21802,INDRA
INDRA-1855,P24043,Q13683,INDRA
INDRA-1856,P13598,P11215,INDRA
INDRA-1857,P01225,P41586,INDRA
INDRA-1858,P01225,P16473,INDRA
INDRA-1859,P01225,Q9NQS5,INDRA
INDRA-1860,P30533,P01130,INDRA
INDRA-1861,P10092,P41586,INDRA
INDRA-1862,P10092,P16473,INDRA
INDRA-1863,P10092,Q9NQS5,INDRA
INDRA-1864,P35318,P41586,INDRA
INDRA-1865,P35318,P16473,INDRA
INDRA-1866,P35318,Q9NQS5,INDRA
INDRA-1867,P12272,P41586,INDRA
INDRA-1868,P12272,Q9NQS5,INDRA
INDRA-1869,P01215,P41586,INDRA
INDRA-1870,Q16787,P26006,INDRA
INDRA-1871,Q16363,P26006,INDRA
INDRA-1872,P24043,P26006,INDRA
INDRA-1873,P25391,P26006,INDRA
INDRA-1874,P14543,P26006,INDRA
INDRA-1875,Q9Y6N6,P26006,INDRA
INDRA-1876,P07996,P26006,INDRA
INDRA-1877,P78509,P26006,INDRA
INDRA-1878,P55268,P26006,INDRA
INDRA-1879,O15230,P26006,INDRA
INDRA-1880,Q13443,P26006,INDRA
INDRA-1881,P11047,P26006,INDRA
INDRA-1882,Q13751,P26006,INDRA
INDRA-1883,P39060,P26006,INDRA
INDRA-1884,P04004,P26006,INDRA
INDRA-1885,P07942,P26006,INDRA
INDRA-1886,Q13753,P26006,INDRA
INDRA-1887,P02751,P26006,INDRA
INDRA-1888,P05067,P04233,INDRA
INDRA-1889,P17693,P01730,INDRA
INDRA-1890,P48061,P01730,INDRA
INDRA-1891,P18509,P47872,INDRA
INDRA-1892,P0DP23,P47872,INDRA
INDRA-1893,Q9NQC3,Q9BZR6,INDRA
INDRA-1894,P23515,Q9BZR6,INDRA
INDRA-1895,P32970,Q02223,INDRA
INDRA-1896,O75888,P19438,INDRA
INDRA-1897,Q06643,P19438,INDRA
INDRA-1898,P60568,P08138,INDRA
INDRA-1899,Q9NQC3,P08138,INDRA
INDRA-1900,P23515,P08138,INDRA
INDRA-1901,P05067,P08138,INDRA
INDRA-1902,P30990,P08138,INDRA
INDRA-1903,P23560,P21917,INDRA
INDRA-1904,Q16787,P16144,INDRA
INDRA-1905,P24043,P16144,INDRA
INDRA-1906,Q9Y6N6,P16144,INDRA
INDRA-1907,P55268,P16144,INDRA
INDRA-1908,O15230,P16144,INDRA
INDRA-1909,P11047,P16144,INDRA
INDRA-1910,P25391,P16144,INDRA
INDRA-1911,Q13751,P16144,INDRA
INDRA-1912,P07942,P16144,INDRA
INDRA-1913,Q13753,P16144,INDRA
INDRA-1914,P05230,Q03167,INDRA
INDRA-1915,P08476,Q03167,INDRA
INDRA-1916,P02776,Q9UNN8,INDRA
INDRA-1917,Q9UBU3,O43193,INDRA
INDRA-1918,P02458,O00220,INDRA
INDRA-1919,P10145,P11912,INDRA
INDRA-1920,P02751,P11912,INDRA
INDRA-1921,P21583,P19235,INDRA
INDRA-1922,P25391,P26012,INDRA
INDRA-1923,P04004,P26012,INDRA
INDRA-1924,P02462,P26012,INDRA
INDRA-1925,P02751,P26012,INDRA
INDRA-1926,Q9GZX6,Q13651,INDRA
INDRA-1927,P05109,Q07108,INDRA
INDRA-1928,O00755,Q9ULW2,INDRA
INDRA-1929,P04899,P41143,INDRA
INDRA-1930,O43927,P41143,INDRA
INDRA-1931,P0DP24,P14151,INDRA
INDRA-1932,Q9NZ53,P14151,INDRA
INDRA-1933,P0DP23,P14151,INDRA
INDRA-1934,P0DP25,P14151,INDRA
INDRA-1935,P08603,P14151,INDRA
INDRA-1936,P13747,P26718,INDRA
INDRA-1937,Q5VY80,P26718,INDRA
INDRA-1938,Q9BZM4,P26718,INDRA
INDRA-1939,Q8TD07,P26718,INDRA
INDRA-1940,Q6H3X3,P26718,INDRA
INDRA-1941,P55103,P27037,INDRA
INDRA-1942,O95972,P27037,INDRA
INDRA-1943,P58166,P27037,INDRA
INDRA-1944,O00292,P27037,INDRA
INDRA-1945,P18509,O60896,INDRA
INDRA-1946,P01286,O60896,INDRA
INDRA-1947,P01215,O60896,INDRA
INDRA-1948,P01275,O60896,INDRA
INDRA-1949,P01222,O60896,INDRA
INDRA-1950,Q96A98,O60896,INDRA
INDRA-1951,P01185,O60896,INDRA
INDRA-1952,P01282,O60896,INDRA
INDRA-1953,P01270,O60896,INDRA
INDRA-1954,P12272,O60896,INDRA
INDRA-1955,P0C0P6,O60896,INDRA
INDRA-1956,P01225,O60896,INDRA
INDRA-1957,P01189,O60896,INDRA
INDRA-1958,P04090,O60896,INDRA
INDRA-1959,Q8WXF3,O60896,INDRA
INDRA-1960,P09681,O60896,INDRA
INDRA-1961,P06850,O60896,INDRA
INDRA-1962,P51460,O60896,INDRA
INDRA-1963,O00468,Q07954,INDRA
INDRA-1964,P01127,Q07954,INDRA
INDRA-1965,P01023,Q07954,INDRA
INDRA-1966,P07093,Q07954,INDRA
INDRA-1967,P98160,Q07954,INDRA
INDRA-1968,P45452,Q07954,INDRA
INDRA-1969,P02649,Q07954,INDRA
INDRA-1970,Q8NBP7,Q07954,INDRA
INDRA-1971,P14625,Q07954,INDRA
INDRA-1972,P21741,Q07954,INDRA
INDRA-1973,P30533,Q07954,INDRA
INDRA-1974,P01024,Q07954,INDRA
INDRA-1975,P07996,Q07954,INDRA
INDRA-1976,P04275,Q07954,INDRA
INDRA-1977,P00451,Q07954,INDRA
INDRA-1978,P29279,Q07954,INDRA
INDRA-1979,P05067,Q07954,INDRA
INDRA-1980,P02776,Q07954,INDRA
INDRA-1981,P07602,Q07954,INDRA
INDRA-1982,P56704,Q07954,INDRA
INDRA-1983,P13385,Q8NER5,INDRA
INDRA-1984,P42127,P41968,INDRA
INDRA-1985,P05067,P43116,INDRA
INDRA-1986,Q14031,Q9NPY3,INDRA
INDRA-1987,P01042,Q9NPY3,INDRA
INDRA-1988,P08572,Q9NPY3,INDRA
INDRA-1989,P53420,Q9NPY3,INDRA
INDRA-1990,P08123,Q9NPY3,INDRA
INDRA-1991,P02462,Q9NPY3,INDRA
INDRA-1992,P04899,O95977,INDRA
INDRA-1993,Q9UBC7,O60755,INDRA
INDRA-1994,P56705,Q99835,INDRA
INDRA-1995,P12643,Q99835,INDRA
INDRA-1996,Q15465,Q99835,INDRA
INDRA-1997,P13501,Q9NPB9,INDRA
INDRA-1998,P51671,Q9NPB9,INDRA
INDRA-1999,P80098,Q9NPB9,INDRA
INDRA-2000,P80075,Q9NPB9,INDRA
INDRA-2001,P04439,O75019,INDRA
INDRA-2002,P10321,O75019,INDRA
INDRA-2003,P01889,O75019,INDRA
INDRA-2004,P01019,P04201,INDRA
INDRA-2005,P18509,O60895,INDRA
INDRA-2006,P01286,O60895,INDRA
INDRA-2007,P01215,O60895,INDRA
INDRA-2008,P01275,O60895,INDRA
INDRA-2009,P01222,O60895,INDRA
INDRA-2010,Q96A98,O60895,INDRA
INDRA-2011,P01185,O60895,INDRA
INDRA-2012,P01282,O60895,INDRA
INDRA-2013,P01270,O60895,INDRA
INDRA-2014,P12272,O60895,INDRA
INDRA-2015,P0C0P6,O60895,INDRA
INDRA-2016,P01225,O60895,INDRA
INDRA-2017,P01189,O60895,INDRA
INDRA-2018,P04090,O60895,INDRA
INDRA-2019,Q8WXF3,O60895,INDRA
INDRA-2020,P09681,O60895,INDRA
INDRA-2021,P06850,O60895,INDRA
INDRA-2022,P51460,O60895,INDRA
INDRA-2023,P01282,O60894,INDRA
INDRA-2024,Q16661,Q02846,INDRA
INDRA-2025,P84077,P20309,INDRA
INDRA-2026,Q8NBP7,Q99523,INDRA
INDRA-2027,P01138,Q99523,INDRA
INDRA-2028,P30533,Q99523,INDRA
INDRA-2029,P23560,Q99523,INDRA
INDRA-2030,P07602,Q99523,INDRA
INDRA-2031,P80370,Q04721,INDRA
INDRA-2032,P49768,Q04721,INDRA
INDRA-2033,P05067,Q04721,INDRA
INDRA-2034,P01138,Q9ULH0,INDRA
INDRA-2035,P04899,P49286,INDRA
INDRA-2036,Q9GZP0,P16234,INDRA
INDRA-2037,P01374,Q13546,INDRA
INDRA-2038,P01375,Q13546,INDRA
INDRA-2039,P21741,Q92673,INDRA
INDRA-2040,P30533,Q92673,INDRA
INDRA-2041,P05067,Q92673,INDRA
INDRA-2042,P24821,P06756,INDRA
INDRA-2043,Q14031,P06756,INDRA
INDRA-2044,P14543,P06756,INDRA
INDRA-2045,P01127,P06756,INDRA
INDRA-2046,Q14773,P06756,INDRA
INDRA-2047,P53420,P06756,INDRA
INDRA-2048,O00622,P06756,INDRA
INDRA-2049,P02671,P06756,INDRA
INDRA-2050,Q13443,P06756,INDRA
INDRA-2051,P15692,P06756,INDRA
INDRA-2052,Q13444,P06756,INDRA
INDRA-2053,P08123,P06756,INDRA
INDRA-2054,P02462,P06756,INDRA
INDRA-2055,Q2MKA7,O75581,INDRA
INDRA-2056,P01270,O75581,INDRA
INDRA-2057,Q9BXY4,O75581,INDRA
INDRA-2058,Q9BQB4,O75581,INDRA
INDRA-2059,P05067,O75581,INDRA
INDRA-2060,Q9UBU2,O75581,INDRA
INDRA-2061,P0DJI8,Q8WTV0,INDRA
INDRA-2062,P04085,P09619,INDRA
INDRA-2063,P01375,P35916,INDRA
INDRA-2064,P08123,P35916,INDRA
INDRA-2065,P02751,P35916,INDRA
INDRA-2066,Q14773,P08514,INDRA
INDRA-2067,P27797,P08514,INDRA
INDRA-2068,P02671,P08514,INDRA
INDRA-2069,P02458,P08514,INDRA
INDRA-2070,P08123,P08514,INDRA
INDRA-2071,P02751,P08514,INDRA
INDRA-2072,P0DP23,O95838,INDRA
INDRA-2073,P27797,Q14162,INDRA
INDRA-2074,P80370,Q9UM47,INDRA
INDRA-2075,P49768,Q9UM47,INDRA
INDRA-2076,P35442,Q9UM47,INDRA
INDRA-2077,P55103,Q04771,INDRA
INDRA-2078,P09529,Q04771,INDRA
INDRA-2079,P43026,Q04771,INDRA
INDRA-2080,P61812,Q04771,INDRA
INDRA-2081,P05155,P16109,INDRA
INDRA-2082,P25063,P16109,INDRA
INDRA-2083,P15692,Q06418,INDRA
INDRA-2084,P21741,P98164,INDRA
INDRA-2085,P30533,P98164,INDRA
INDRA-2086,P01019,P98164,INDRA
INDRA-2087,P01185,P98164,INDRA
INDRA-2088,O00468,P98164,INDRA
INDRA-2089,P02787,P98164,INDRA
INDRA-2090,P01308,P98164,INDRA
INDRA-2091,P08519,P98164,INDRA
INDRA-2092,P01133,P98164,INDRA
INDRA-2093,P98160,P98164,INDRA
INDRA-2094,P41221,P98164,INDRA
INDRA-2095,P41159,P98164,INDRA
INDRA-2096,Q8NFY4,P35968,INDRA
INDRA-2097,P10145,P35968,INDRA
INDRA-2098,P39060,P35968,INDRA
INDRA-2099,O43508,P28908,INDRA
INDRA-2100,P25391,P35052,INDRA
INDRA-2101,P13385,P35052,INDRA
INDRA-2102,P12643,P35052,INDRA
INDRA-2103,Q02297,P35052,INDRA
INDRA-2104,P05067,P35052,INDRA
INDRA-2105,P01008,P35052,INDRA
INDRA-2106,P39060,P35052,INDRA
INDRA-2107,Q15465,P35052,INDRA
INDRA-2108,P15692,P35052,INDRA
INDRA-2109,P24821,Q13797,INDRA
INDRA-2110,P49767,Q13797,INDRA
INDRA-2111,Q99965,Q13797,INDRA
INDRA-2112,P10451,Q13797,INDRA
INDRA-2113,O43915,Q13797,INDRA
INDRA-2114,O43184,Q13797,INDRA
INDRA-2115,P19320,Q13797,INDRA
INDRA-2116,P15692,Q13797,INDRA
INDRA-2117,P04141,Q13797,INDRA
INDRA-2118,Q13444,Q13797,INDRA
INDRA-2119,P02751,Q13797,INDRA
INDRA-2120,P23582,P17342,INDRA
INDRA-2121,P16860,P17342,INDRA
INDRA-2122,P01282,P17342,INDRA
INDRA-2123,P01160,P17342,INDRA
INDRA-2124,O15041,O14786,INDRA
INDRA-2125,P05230,O14786,INDRA
INDRA-2126,P21781,O14786,INDRA
INDRA-2127,P58417,P58401,INDRA
INDRA-2128,P58417,Q9P2S2,INDRA
INDRA-2129,O95157,P58401,INDRA
INDRA-2130,O95157,Q9P2S2,INDRA
INDRA-2131,P56704,O75473,INDRA
INDRA-2132,P19320,P26010,INDRA
INDRA-2133,P02751,P26010,INDRA
INDRA-2134,P56975,P21860,INDRA
INDRA-2135,P15514,P21860,INDRA
INDRA-2136,P01135,P21860,INDRA
INDRA-2137,P35070,P21860,INDRA
INDRA-2138,P04899,P08069,INDRA
INDRA-2139,P49913,P08069,INDRA
INDRA-2140,P14625,P07306,INDRA
INDRA-2141,P56975,P04626,INDRA
INDRA-2142,Q92854,P04626,INDRA
INDRA-2143,P04439,P04626,INDRA
INDRA-2144,Q8WWG1,P04626,INDRA
INDRA-2145,P14625,P04626,INDRA
INDRA-2146,P01135,P04626,INDRA
INDRA-2147,O14511,P04626,INDRA
INDRA-2148,P35070,P04626,INDRA
INDRA-2149,P01375,Q9HCU4,INDRA
INDRA-2150,Q07325,P12318,INDRA
INDRA-2151,P0DP23,P49190,INDRA
INDRA-2152,Q99748,O60609,INDRA
INDRA-2153,P39905,O60609,INDRA
INDRA-2154,Q02297,P00533,INDRA
INDRA-2155,P05230,P00533,INDRA
INDRA-2156,Q8WWG1,P00533,INDRA
INDRA-2157,P04899,P00533,INDRA
INDRA-2158,Q92913,P00533,INDRA
INDRA-2159,P49913,P00533,INDRA
INDRA-2160,P26441,P00533,INDRA
INDRA-2161,P29279,P00533,INDRA
INDRA-2162,P15692,P00533,INDRA
INDRA-2163,P52797,P21709,INDRA
INDRA-2164,P52803,P21709,INDRA
INDRA-2165,P52798,P21709,INDRA
INDRA-2166,P0DP23,P28335,INDRA
INDRA-2167,P48023,O14763,INDRA
INDRA-2168,P20783,Q16620,INDRA
INDRA-2169,P01375,P46531,INDRA
INDRA-2170,P56705,P46531,INDRA
INDRA-2171,Q96CW9,Q9HCJ2,INDRA
INDRA-2172,P01213,P08913,INDRA
INDRA-2173,P04899,P08913,INDRA
INDRA-2174,P01019,P08913,INDRA
INDRA-2175,P48061,P08913,INDRA
INDRA-2176,P19876,P08913,INDRA
INDRA-2177,P13501,P08913,INDRA
INDRA-2178,O14625,P08913,INDRA
INDRA-2179,Q5H8A3,P08913,INDRA
INDRA-2180,Q9ULZ1,P08913,INDRA
INDRA-2181,P61278,P08913,INDRA
INDRA-2182,Q9Y5Q6,P08913,INDRA
INDRA-2183,P01303,P08913,INDRA
INDRA-2184,O15444,P08913,INDRA
INDRA-2185,P01189,P08913,INDRA
INDRA-2186,P0DJI8,P08913,INDRA
INDRA-2187,P10145,P08913,INDRA
INDRA-2188,P10082,P08913,INDRA
INDRA-2189,O15467,P08913,INDRA
INDRA-2190,P19875,P08913,INDRA
INDRA-2191,O43927,P08913,INDRA
INDRA-2192,P02778,P08913,INDRA
INDRA-2193,P02775,P08913,INDRA
INDRA-2194,P20382,P08913,INDRA
INDRA-2195,P42830,P08913,INDRA
INDRA-2196,Q99731,P08913,INDRA
INDRA-2197,Q13519,P08913,INDRA
INDRA-2198,P05067,P08913,INDRA
INDRA-2199,P09341,P08913,INDRA
INDRA-2200,Q8NG41,P08913,INDRA
INDRA-2201,P01298,P08913,INDRA
INDRA-2202,Q07325,P08913,INDRA
INDRA-2203,Q9H2A7,P08913,INDRA
INDRA-2204,P78556,P08913,INDRA
INDRA-2205,Q8N729,P08913,INDRA
INDRA-2206,P01210,P08913,INDRA
INDRA-2207,Q9NRJ3,P08913,INDRA
INDRA-2208,Q8WXF3,P08913,INDRA
INDRA-2209,P02776,P08913,INDRA
INDRA-2210,O00230,P08913,INDRA
INDRA-2211,P04083,P08913,INDRA
INDRA-2212,Q9NRA1,P17948,INDRA
INDRA-2213,P49767,P17948,INDRA
INDRA-2214,O43915,P17948,INDRA
INDRA-2215,Q14031,P56199,INDRA
INDRA-2216,P24043,P56199,INDRA
INDRA-2217,P25391,P56199,INDRA
INDRA-2218,P12109,P56199,INDRA
INDRA-2219,P53420,P56199,INDRA
INDRA-2220,P20908,P56199,INDRA
INDRA-2221,P12110,P56199,INDRA
INDRA-2222,P02458,P56199,INDRA
INDRA-2223,O43915,P56199,INDRA
INDRA-2224,P12111,P56199,INDRA
INDRA-2225,P05997,P56199,INDRA
INDRA-2226,P08123,P56199,INDRA
INDRA-2227,P02462,P56199,INDRA
INDRA-2228,P02751,P18564,INDRA
INDRA-2229,P04628,O75084,INDRA
INDRA-2230,P56705,Q9UP38,INDRA
INDRA-2231,P63092,P50406,INDRA
INDRA-2232,P84996,P50406,INDRA
INDRA-2233,O95467,P50406,INDRA
INDRA-2234,Q13007,Q08334,INDRA
INDRA-2235,Q969E3,Q08334,INDRA
INDRA-2236,P01210,Q9NZT2,INDRA
INDRA-2237,Q9UBU3,P43119,INDRA
INDRA-2238,P63092,P43119,INDRA
INDRA-2239,P84996,P43119,INDRA
INDRA-2240,O95467,P43119,INDRA
INDRA-2241,Q14005,P51681,INDRA
INDRA-2242,Q9NSA1,P22455,INDRA
INDRA-2243,P11487,P22455,INDRA
INDRA-2244,P12034,P22455,INDRA
INDRA-2245,O60258,P22455,INDRA
INDRA-2246,O43320,P22455,INDRA
INDRA-2247,Q92913,P22455,INDRA
INDRA-2248,P31371,P22455,INDRA
INDRA-2249,P55075,P22455,INDRA
INDRA-2250,P10451,P08648,INDRA
INDRA-2251,O00622,P08648,INDRA
INDRA-2252,P02671,P08648,INDRA
INDRA-2253,O43915,P08648,INDRA
INDRA-2254,P29279,P08648,INDRA
INDRA-2255,Q15389,P08648,INDRA
INDRA-2256,P39060,P08648,INDRA
INDRA-2257,Q13444,P08648,INDRA
INDRA-2258,P02751,P08648,INDRA
INDRA-2259,Q9BQB4,O75197,INDRA
INDRA-2260,P04899,P22888,INDRA
INDRA-2261,P63092,P22888,INDRA
INDRA-2262,P84996,P22888,INDRA
INDRA-2263,Q5JWF2,P22888,INDRA
INDRA-2264,O95467,P22888,INDRA
INDRA-2265,P07225,Q12866,INDRA
INDRA-2266,P04899,P25024,INDRA
INDRA-2267,P19876,P25024,INDRA
INDRA-2268,P19875,P25024,INDRA
INDRA-2269,P42830,P25024,INDRA
INDRA-2270,P09341,P25024,INDRA
INDRA-2271,P02751,Q8NAC3,INDRA
INDRA-2272,P55774,P32246,INDRA
INDRA-2273,P10451,P18084,INDRA
INDRA-2274,P08572,P18084,INDRA
INDRA-2275,O00622,P18084,INDRA
INDRA-2276,Q13443,P18084,INDRA
INDRA-2277,P39060,P18084,INDRA
INDRA-2278,Q14031,P17301,INDRA
INDRA-2279,P24043,P17301,INDRA
INDRA-2280,P25391,P17301,INDRA
INDRA-2281,Q9Y6N6,P17301,INDRA
INDRA-2282,P12109,P17301,INDRA
INDRA-2283,P53420,P17301,INDRA
INDRA-2284,P12107,P17301,INDRA
INDRA-2285,P12110,P17301,INDRA
INDRA-2286,P02458,P17301,INDRA
INDRA-2287,O43915,P17301,INDRA
INDRA-2288,P98160,P17301,INDRA
INDRA-2289,Q13751,P17301,INDRA
INDRA-2290,O15335,P17301,INDRA
INDRA-2291,P08123,P17301,INDRA
INDRA-2292,P02462,P17301,INDRA
INDRA-2293,P02751,P17301,INDRA
INDRA-2294,P02461,P17301,INDRA
INDRA-2295,O75888,O00300,INDRA
INDRA-2296,P02751,O00300,INDRA
INDRA-2297,P48061,P37288,INDRA
INDRA-2298,P01282,P37288,INDRA
INDRA-2299,Q9UBC7,P47211,INDRA
INDRA-2300,P01303,P32245,INDRA
INDRA-2301,P42127,P32245,INDRA
INDRA-2302,P35318,O15218,INDRA
INDRA-2303,P04439,P04234,INDRA
INDRA-2304,P10321,P04234,INDRA
INDRA-2305,P01889,P04234,INDRA
INDRA-2306,P01213,P48039,INDRA
INDRA-2307,P01019,P48039,INDRA
INDRA-2308,P48061,P48039,INDRA
INDRA-2309,P13501,P48039,INDRA
INDRA-2310,O14625,P48039,INDRA
INDRA-2311,Q5H8A3,P48039,INDRA
INDRA-2312,Q9ULZ1,P48039,INDRA
INDRA-2313,P01303,P48039,INDRA
INDRA-2314,O15444,P48039,INDRA
INDRA-2315,P01189,P48039,INDRA
INDRA-2316,P0DJI8,P48039,INDRA
INDRA-2317,P27797,P48039,INDRA
INDRA-2318,P10145,P48039,INDRA
INDRA-2319,P10082,P48039,INDRA
INDRA-2320,O15467,P48039,INDRA
INDRA-2321,P19875,P48039,INDRA
INDRA-2322,P02778,P48039,INDRA
INDRA-2323,P20382,P48039,INDRA
INDRA-2324,Q99731,P48039,INDRA
INDRA-2325,P09341,P48039,INDRA
INDRA-2326,Q8NG41,P48039,INDRA
INDRA-2327,P01298,P48039,INDRA
INDRA-2328,Q07325,P48039,INDRA
INDRA-2329,P78556,P48039,INDRA
INDRA-2330,Q8N729,P48039,INDRA
INDRA-2331,P01210,P48039,INDRA
INDRA-2332,Q9NRJ3,P48039,INDRA
INDRA-2333,Q8WXF3,P48039,INDRA
INDRA-2334,O00230,P48039,INDRA
INDRA-2335,P04083,P48039,INDRA
INDRA-2336,P10451,P35408,INDRA
INDRA-2337,Q86UU9,P29371,INDRA
INDRA-2338,P63092,Q13258,INDRA
INDRA-2339,P84996,Q13258,INDRA
INDRA-2340,O95467,Q13258,INDRA
INDRA-2341,Q86UU9,P25103,INDRA
INDRA-2342,P30533,Q14114,INDRA
INDRA-2343,P78509,Q14114,INDRA
INDRA-2344,P09681,P06213,INDRA
INDRA-2345,P02751,Q8WZ75,INDRA
INDRA-2346,P01286,P07550,INDRA
INDRA-2347,P01185,P07550,INDRA
INDRA-2348,P12272,P07550,INDRA
INDRA-2349,P02787,P07550,INDRA
INDRA-2350,P01189,P07550,INDRA
INDRA-2351,P04090,P07550,INDRA
INDRA-2352,P18509,P07550,INDRA
INDRA-2353,P06881,P07550,INDRA
INDRA-2354,P01258,P07550,INDRA
INDRA-2355,P35318,P07550,INDRA
INDRA-2356,P01215,P07550,INDRA
INDRA-2357,P01275,P07550,INDRA
INDRA-2358,P01282,P07550,INDRA
INDRA-2359,Q7Z4H4,P07550,INDRA
INDRA-2360,P0C0P6,P07550,INDRA
INDRA-2361,P01225,P07550,INDRA
INDRA-2362,P10092,P07550,INDRA
INDRA-2363,Q8WXF3,P07550,INDRA
INDRA-2364,P09681,P07550,INDRA
INDRA-2365,P51460,P07550,INDRA
INDRA-2366,P04899,P21453,INDRA
INDRA-2367,P01127,P21453,INDRA
INDRA-2368,P0DP23,P41594,INDRA
INDRA-2369,P04899,P11229,INDRA
INDRA-2370,Q16787,P34741,INDRA
INDRA-2371,P25391,P34741,INDRA
INDRA-2372,O75888,P34741,INDRA
INDRA-2373,P01008,P34741,INDRA
INDRA-2374,P02751,P34741,INDRA
INDRA-2375,P04899,Q9H244,INDRA
INDRA-2376,P01303,Q9Y5X5,INDRA
INDRA-2377,P0DP23,Q9HCN6,INDRA
INDRA-2378,P19875,P46094,INDRA
INDRA-2379,P14138,P25101,INDRA
INDRA-2380,P01308,Q8NHL6,INDRA
INDRA-2381,Q92854,P08581,INDRA
INDRA-2382,Q13591,P08581,INDRA
INDRA-2383,P42127,P33032,INDRA
INDRA-2384,P01375,Q9Y6W8,INDRA
INDRA-2385,Q9UBU3,Q02643,INDRA
INDRA-2386,P01286,Q03431,INDRA
INDRA-2387,P01185,Q03431,INDRA
INDRA-2388,P01189,Q03431,INDRA
INDRA-2389,P04090,Q03431,INDRA
INDRA-2390,P18509,Q03431,INDRA
INDRA-2391,P06881,Q03431,INDRA
INDRA-2392,P01258,Q03431,INDRA
INDRA-2393,P35318,Q03431,INDRA
INDRA-2394,P01215,Q03431,INDRA
INDRA-2395,P01275,Q03431,INDRA
INDRA-2396,P01282,Q03431,INDRA
INDRA-2397,Q7Z4H4,Q03431,INDRA
INDRA-2398,P0C0P6,Q03431,INDRA
INDRA-2399,P01225,Q03431,INDRA
INDRA-2400,P10092,Q03431,INDRA
INDRA-2401,Q8WXF3,Q03431,INDRA
INDRA-2402,P09681,Q03431,INDRA
INDRA-2403,P51460,Q03431,INDRA
INDRA-2404,P01889,P43630,INDRA
INDRA-2405,P13236,P51685,INDRA
INDRA-2406,P01185,P32241,INDRA
INDRA-2407,P12272,P32241,INDRA
INDRA-2408,P01189,P32241,INDRA
INDRA-2409,P04090,P32241,INDRA
INDRA-2410,P06881,P32241,INDRA
INDRA-2411,P01258,P32241,INDRA
INDRA-2412,P35318,P32241,INDRA
INDRA-2413,P01215,P32241,INDRA
INDRA-2414,P01275,P32241,INDRA
INDRA-2415,Q7Z4H4,P32241,INDRA
INDRA-2416,P63092,P32241,INDRA
INDRA-2417,P84996,P32241,INDRA
INDRA-2418,Q5JWF2,P32241,INDRA
INDRA-2419,O95467,P32241,INDRA
INDRA-2420,P0C0P6,P32241,INDRA
INDRA-2421,P01225,P32241,INDRA
INDRA-2422,P0DP23,P32241,INDRA
INDRA-2423,P10092,P32241,INDRA
INDRA-2424,Q8WXF3,P32241,INDRA
INDRA-2425,P09681,P32241,INDRA
INDRA-2426,P51460,P32241,INDRA
INDRA-2427,Q9UBU3,O43194,INDRA
INDRA-2428,P04090,Q9NSD7,INDRA
INDRA-2429,Q9NQC3,Q86UN2,INDRA
INDRA-2430,O15444,P46092,INDRA
INDRA-2431,P80098,P46092,INDRA
INDRA-2432,P01298,P49146,INDRA
INDRA-2433,P48061,P51679,INDRA
INDRA-2434,P13501,P51679,INDRA
INDRA-2435,P10147,P51679,INDRA
INDRA-2436,P01189,Q01718,INDRA
INDRA-2437,P42127,Q01718,INDRA
INDRA-2438,P05231,P13726,INDRA
INDRA-2439,P04439,P43626,INDRA
INDRA-2440,Q9GZX6,Q9HBE5,INDRA
INDRA-2441,Q02297,Q96JQ5,INDRA
INDRA-2442,O00622,Q03135,INDRA
INDRA-2443,P02751,Q03405,INDRA
INDRA-2444,P34820,Q03405,INDRA
INDRA-2445,Q9H1J7,A4D1S0,INDRA
INDRA-2446,Q9NSA1,P22607,INDRA
INDRA-2447,O60258,P22607,INDRA
INDRA-2448,O43320,P22607,INDRA
INDRA-2449,O00292,Q13705,INDRA
INDRA-2450,Q02297,O94910,INDRA
INDRA-2451,P16860,P20594,INDRA
INDRA-2452,P01160,P20594,INDRA
INDRA-2453,Q96B86,Q92859,INDRA
INDRA-2454,P01375,Q15628,INDRA
INDRA-2455,P04439,P43628,INDRA
INDRA-2456,Q07325,P43628,INDRA
INDRA-2457,P01889,P43628,INDRA
INDRA-2458,P29279,Q15303,INDRA
INDRA-2459,P01286,P13945,INDRA
INDRA-2460,P01185,P13945,INDRA
INDRA-2461,P12272,P13945,INDRA
INDRA-2462,P01189,P13945,INDRA
INDRA-2463,P04090,P13945,INDRA
INDRA-2464,P18509,P13945,INDRA
INDRA-2465,P35318,P13945,INDRA
INDRA-2466,P01215,P13945,INDRA
INDRA-2467,P01275,P13945,INDRA
INDRA-2468,P01282,P13945,INDRA
INDRA-2469,Q7Z4H4,P13945,INDRA
INDRA-2470,P63092,P13945,INDRA
INDRA-2471,P84996,P13945,INDRA
INDRA-2472,O95467,P13945,INDRA
INDRA-2473,P0C0P6,P13945,INDRA
INDRA-2474,P01225,P13945,INDRA
INDRA-2475,P10092,P13945,INDRA
INDRA-2476,Q8WXF3,P13945,INDRA
INDRA-2477,P09681,P13945,INDRA
INDRA-2478,P51460,P13945,INDRA
INDRA-2479,Q86WN2,P48551,INDRA
INDRA-2480,P21741,O75056,INDRA
INDRA-2481,P20908,O75056,INDRA
INDRA-2482,P24043,P08865,INDRA
INDRA-2483,P25391,P08865,INDRA
INDRA-2484,P55268,P08865,INDRA
INDRA-2485,P00451,P07307,INDRA
INDRA-2486,Q5T4W7,P56159,INDRA
INDRA-2487,Q5T4W7,P07949,INDRA
INDRA-2488,P15692,P07949,INDRA
INDRA-2489,P01375,P25445,INDRA
INDRA-2490,P0DP23,P25445,INDRA
INDRA-2491,P13598,P20701,INDRA
INDRA-2492,P01375,Q13332,INDRA
INDRA-2493,Q99969,O00421,INDRA
INDRA-2494,P01213,Q14831,INDRA
INDRA-2495,P01019,Q14831,INDRA
INDRA-2496,P48061,Q14831,INDRA
INDRA-2497,P13501,Q14831,INDRA
INDRA-2498,Q5H8A3,Q14831,INDRA
INDRA-2499,Q9ULZ1,Q14831,INDRA
INDRA-2500,P01303,Q14831,INDRA
INDRA-2501,O15444,Q14831,INDRA
INDRA-2502,P01189,Q14831,INDRA
INDRA-2503,P0DJI8,Q14831,INDRA
INDRA-2504,P10082,Q14831,INDRA
INDRA-2505,O15467,Q14831,INDRA
INDRA-2506,P19875,Q14831,INDRA
INDRA-2507,P09341,Q14831,INDRA
INDRA-2508,P01298,Q14831,INDRA
INDRA-2509,Q07325,Q14831,INDRA
INDRA-2510,P78556,Q14831,INDRA
INDRA-2511,Q9NRJ3,Q14831,INDRA
INDRA-2512,Q8WXF3,Q14831,INDRA
INDRA-2513,O00230,Q14831,INDRA
INDRA-2514,P04083,Q14831,INDRA
INDRA-2515,P63092,P30518,INDRA
INDRA-2516,P84996,P30518,INDRA
INDRA-2517,O95467,P30518,INDRA
INDRA-2518,Q9Y275,P02786,INDRA
INDRA-2519,P02787,P02786,INDRA
INDRA-2520,P01298,P25929,INDRA
INDRA-2521,Q14031,Q08722,INDRA
INDRA-2522,P53420,Q08722,INDRA
INDRA-2523,P02462,Q08722,INDRA
INDRA-2524,P63092,P30542,INDRA
INDRA-2525,P84996,P30542,INDRA
INDRA-2526,Q5JWF2,P30542,INDRA
INDRA-2527,O95467,P30542,INDRA
INDRA-2528,P42127,Q9Y624,INDRA
INDRA-2529,P80098,Q16570,INDRA
INDRA-2530,P80075,Q16570,INDRA
INDRA-2531,P23582,P16066,INDRA
INDRA-2532,P13987,P06729,INDRA
INDRA-2533,P08949,P32247,INDRA
INDRA-2534,P05305,Q9HBW9,INDRA
INDRA-2535,Q9Y275,P25942,INDRA
INDRA-2536,Q06643,P25942,INDRA
INDRA-2537,P34130,Q00994,INDRA
INDRA-2538,P23560,Q00994,INDRA
INDRA-2539,P21741,P31431,INDRA
INDRA-2540,P48061,P31431,INDRA
INDRA-2541,P13501,P31431,INDRA
INDRA-2542,P25391,P31431,INDRA
INDRA-2543,P52798,Q5JZY3,INDRA
INDRA-2544,Q15848,P34972,INDRA
INDRA-2545,P13236,P34972,INDRA
INDRA-2546,Q96B86,Q13873,INDRA
INDRA-2547,P15692,P29323,INDRA
INDRA-2548,P07602,P10275,INDRA
INDRA-2549,P10321,Q99466,INDRA
INDRA-2550,P39905,P24530,INDRA
INDRA-2551,P18509,Q99678,INDRA
INDRA-2552,P35318,Q99678,INDRA
INDRA-2553,P01189,Q99678,INDRA
INDRA-2554,P01215,Q99678,INDRA
INDRA-2555,P01275,Q99678,INDRA
INDRA-2556,P04090,Q99678,INDRA
INDRA-2557,P10092,Q99678,INDRA
INDRA-2558,P01185,Q99678,INDRA
INDRA-2559,Q8WXF3,Q99678,INDRA
INDRA-2560,Q7Z4H4,Q99678,INDRA
INDRA-2561,P12272,Q99678,INDRA
INDRA-2562,P0C0P6,Q99678,INDRA
INDRA-2563,P01225,Q99678,INDRA
INDRA-2564,P51460,Q99678,INDRA
INDRA-2565,Q6UXI9,P53708,INDRA
INDRA-2566,O00468,O75096,INDRA
INDRA-2567,Q02297,Q9BXB1,INDRA
INDRA-2568,O14788,Q9BXB1,INDRA
INDRA-2569,P21741,P18827,INDRA
INDRA-2570,P13501,P18827,INDRA
INDRA-2571,O94813,P18827,INDRA
INDRA-2572,P17693,Q13241,INDRA
INDRA-2573,P01889,Q13241,INDRA
INDRA-2574,P30533,P98155,INDRA
INDRA-2575,P17693,P43629,INDRA
INDRA-2576,P04439,P43629,INDRA
INDRA-2577,P04439,Q8N423,INDRA
INDRA-2578,P01308,Q8N423,INDRA
INDRA-2579,P01889,Q8N423,INDRA
INDRA-2580,P21741,P23471,INDRA
INDRA-2581,P01375,Q9H7M9,INDRA
INDRA-2582,P49767,P05556,INDRA
INDRA-2583,P24043,P05556,INDRA
INDRA-2584,P55268,P05556,INDRA
INDRA-2585,Q6UXI9,P05556,INDRA
INDRA-2586,P21741,P05556,INDRA
INDRA-2587,Q13443,P05556,INDRA
INDRA-2588,O15335,P05556,INDRA
INDRA-2589,Q15389,P05556,INDRA
INDRA-2590,P15692,P05556,INDRA
INDRA-2591,P21741,P13612,INDRA
INDRA-2592,P05231,P35367,INDRA
INDRA-2593,O00622,P05107,INDRA
INDRA-2594,P05230,Q8N441,INDRA
INDRA-2595,P15692,P78324,INDRA
INDRA-2596,Q86WN2,Q8WXG9,INDRA
INDRA-2597,P24043,P23229,INDRA
INDRA-2598,Q13443,P23229,INDRA
INDRA-2599,O94813,P43146,INDRA
INDRA-2600,Q9NSA1,P11362,INDRA
INDRA-2601,O43320,P11362,INDRA
INDRA-2602,Q92954,P16070,INDRA
INDRA-2603,P05230,P16070,INDRA
INDRA-2604,Q96B86,O00238,INDRA
INDRA-2605,Q9NSA1,P21802,INDRA
INDRA-2606,Q6UXB2,Q9HC97,INDRA
INDRA-2607,O94813,Q9HCK4,INDRA
INDRA-2608,O94813,Q9Y6N7,INDRA
INDRA-2609,Q96B86,Q9UP52,INDRA
INDRA-2610,P12272,P16473,INDRA
INDRA-2611,P18509,P16473,INDRA
INDRA-2612,Q16627,P51677,INDRA
INDRA-2613,P10147,P51677,INDRA
INDRA-2614,P13236,P51677,INDRA
INDRA-2615,P18509,Q9NQS5,INDRA
INDRA-2616,P01215,Q9NQS5,INDRA
INDRA-2617,P15692,P05106,INDRA
INDRA-2618,P01137,P36896,INDRA
INDRA-2619,P61812,P36896,INDRA
INDRA-2620,P10600,P36896,INDRA
INDRA-2621,O60383,P36896,INDRA
INDRA-2622,P55107,P27037,INDRA
INDRA-2623,O14793,P27037,INDRA
INDRA-2624,P56703,O00144,INDRA
INDRA-2625,P56706,O00144,INDRA
INDRA-2626,P04628,O60353,INDRA
INDRA-2627,Q9GZT5,O75581,INDRA
INDRA-2628,Q9GZT5,O60353,INDRA
INDRA-2629,Q9GZT5,O75084,INDRA
INDRA-2630,Q9GZT5,O00144,INDRA
INDRA-2631,O00744,O75581,INDRA
INDRA-2632,O00744,O60353,INDRA
INDRA-2633,O00744,O75084,INDRA
INDRA-2634,O00744,O00144,INDRA
INDRA-2635,Q9UBV4,O75581,INDRA
INDRA-2636,Q9UBV4,O75084,INDRA
INDRA-2637,Q9UBV4,O00144,INDRA
INDRA-2638,P09544,O60353,INDRA
INDRA-2639,Q93097,O75581,INDRA
INDRA-2640,Q93097,O60353,INDRA
INDRA-2641,Q93097,O75084,INDRA
INDRA-2642,Q93097,O00144,INDRA
INDRA-2643,P56703,O60353,INDRA
INDRA-2644,P56704,O00144,INDRA
INDRA-2645,P56705,O75581,INDRA
INDRA-2646,P56705,O75084,INDRA
INDRA-2647,P56705,O00144,INDRA
INDRA-2648,Q9Y6F9,O75581,INDRA
INDRA-2649,Q9Y6F9,O60353,INDRA
INDRA-2650,Q9Y6F9,O75084,INDRA
INDRA-2651,Q9Y6F9,O00144,INDRA
INDRA-2652,O00755,O60353,INDRA
INDRA-2653,O00755,O75084,INDRA
INDRA-2654,P56706,O75581,INDRA
INDRA-2655,P56706,O60353,INDRA
INDRA-2656,P56706,O75084,INDRA
INDRA-2657,Q9H1J5,O75581,INDRA
INDRA-2658,Q9H1J5,O60353,INDRA
INDRA-2659,Q9H1J5,O75084,INDRA
INDRA-2660,Q9H1J5,O00144,INDRA
INDRA-2661,O14904,O75581,INDRA
INDRA-2662,O14904,O60353,INDRA
INDRA-2663,O14904,O75084,INDRA
INDRA-2664,O14904,O00144,INDRA
INDRA-2665,O14905,O60353,INDRA
INDRA-2666,O14905,O75084,INDRA
INDRA-2667,O14905,O00144,INDRA
INDRA-2668,Q9H1J7,Q14332,INDRA
INDRA-2669,Q9H1J7,Q9H461,INDRA
INDRA-2670,O96014,Q9H461,INDRA
INDRA-2671,Q02297,P05106,INDRA
INDRA-2672,P05019,P05106,INDRA
INDRA-2673,P05019,P16144,INDRA
INDRA-2674,P01344,P05106,INDRA
INDRA-2675,P01344,P16144,INDRA
INDRA-2676,O43323,Q99835,INDRA
INDRA-2677,Q14623,Q99835,INDRA
INDRA-2678,P22362,Q16570,INDRA
INDRA-2679,O15467,Q16570,INDRA
INDRA-2680,P55774,Q16570,INDRA
INDRA-2681,P19876,Q16570,INDRA
INDRA-2682,Q07325,Q16570,INDRA
INDRA-2683,P02778,Q16570,INDRA
INDRA-2684,O43927,Q16570,INDRA
INDRA-2685,Q9Y258,O00590,INDRA
INDRA-2686,O95841,O75022,INDRA
INDRA-2687,O15123,P05556,INDRA
INDRA-2688,P21741,P34741,INDRA
INDRA-2689,P21246,P34741,INDRA
INDRA-2690,P21246,P31431,INDRA
INDRA-2691,P21246,P05106,INDRA
INDRA-2692,P01303,Q9NYM4,INDRA
INDRA-2693,P01275,P48546,INDRA
INDRA-2694,Q6UWT2,Q15760,INDRA
INDRA-2695,P01286,P41587,INDRA
INDRA-2696,P01286,Q92847,INDRA
INDRA-2697,P20382,Q12866,INDRA
INDRA-2698,Q765I0,P35346,INDRA
INDRA-2699,P46379,O14931,INDRA
INDRA-2700,P25391,P06756,INDRA
INDRA-2701,P02452,P18827,INDRA
INDRA-2702,P08123,P18827,INDRA
INDRA-2703,P02751,P18827,INDRA
INDRA-2704,P35442,P18827,INDRA
INDRA-2705,P49746,P18827,INDRA
INDRA-2706,P35443,P18827,INDRA
INDRA-2707,O15230,Q7L0J3,INDRA
INDRA-2708,P49746,P16671,INDRA
INDRA-2709,P02452,Q9HCN6,INDRA
INDRA-2710,P08123,Q9HCN6,INDRA
INDRA-2711,P49747,Q08722,INDRA
INDRA-2712,O00468,Q14118,INDRA
INDRA-2713,P25391,Q14118,INDRA
INDRA-2714,P24043,Q14118,INDRA
INDRA-2715,O15230,Q14118,INDRA
INDRA-2716,P12830,P05556,INDRA
INDRA-2717,Q12860,Q92823,INDRA
INDRA-2718,Q9UMF0,Q9NNX6,INDRA
INDRA-2719,P04439,P01732,INDRA
INDRA-2720,P01889,P01732,INDRA
INDRA-2721,P10321,P01732,INDRA
INDRA-2722,P13747,P01732,INDRA
INDRA-2723,P17693,P01732,INDRA
INDRA-2724,P10321,Q14954,INDRA
INDRA-2725,P10321,P43632,INDRA
INDRA-2726,P30511,P43629,INDRA
INDRA-2727,P30511,P43630,INDRA
INDRA-2728,P10321,Q8N743,INDRA
INDRA-2729,P30511,Q14943,INDRA
INDRA-2730,P13747,Q07444,INDRA
INDRA-2731,P20036,P01730,INDRA
INDRA-2732,P01906,P01730,INDRA
INDRA-2733,P01920,P01730,INDRA
INDRA-2734,Q9NQS3,Q15223,INDRA
INDRA-2735,Q9NQS3,Q92692,INDRA
INDRA-2736,Q9NQS3,P15151,INDRA
INDRA-2737,P80370,Q99466,INDRA
INDRA-2738,Q92854,Q9ULL4,INDRA
INDRA-2739,Q13591,Q9UIW2,INDRA
INDRA-2740,Q13591,P51805,INDRA
INDRA-2741,O75077,P13612,INDRA
INDRA-2742,O75077,P08648,INDRA
INDRA-2743,O75077,P05106,INDRA
INDRA-2744,Q7Z5Y6,P36897,INDRA
INDRA-2745,Q7Z5Y6,P37173,INDRA
INDRA-2746,P01024,O14786,INDRA
INDRA-2747,P78556,Q9NPB9,INDRA
INDRA-2748,O00585,P46092,INDRA
INDRA-2749,O00622,P31431,INDRA
INDRA-2750,P29279,P21802,INDRA
INDRA-2751,P29279,P11717,INDRA
INDRA-2752,Q12860,Q04721,INDRA
INDRA-2753,Q12860,P23471,INDRA
INDRA-2754,P39060,Q13332,INDRA
INDRA-2755,P25940,O75056,INDRA
INDRA-2756,P49747,P08648,INDRA
INDRA-2757,P78423,P06756,INDRA
INDRA-2758,P78423,P05106,INDRA
INDRA-2759,P48061,P13612,INDRA
INDRA-2760,P48061,P08648,INDRA
INDRA-2761,P48061,P06756,INDRA
INDRA-2762,P48061,P05106,INDRA
INDRA-2763,O94907,O75096,INDRA
INDRA-2764,Q9UBU2,Q96MU8,INDRA
INDRA-2765,Q9UBU2,O75197,INDRA
INDRA-2766,Q9UBT3,Q96MU8,INDRA
INDRA-2767,Q9UBT3,Q8NCW0,INDRA
INDRA-2768,Q9HCT0,Q8N441,INDRA
INDRA-2769,P11487,Q8N441,INDRA
INDRA-2770,P08620,Q8N441,INDRA
INDRA-2771,P27539,Q04771,INDRA
INDRA-2772,P84996,P07550,INDRA
INDRA-2773,O95467,P07550,INDRA
INDRA-2774,Q86YW7,P16473,INDRA
INDRA-2775,P30511,Q8N423,INDRA
INDRA-2776,Q9NPH9,Q6UXL0,INDRA
INDRA-2777,Q6ZMJ4,P23471,INDRA
INDRA-2778,P01042,Q8IZ08,INDRA
INDRA-2779,Q969E1,Q92847,INDRA
INDRA-2780,Q9NT99,P23468,INDRA
INDRA-2781,Q9NT99,Q13332,INDRA
INDRA-2782,P02788,Q86VZ4,INDRA
INDRA-2783,P23515,P20333,INDRA
INDRA-2784,P21246,O15031,INDRA
INDRA-2785,P83859,Q15391,INDRA
INDRA-2786,Q9NQC3,O95136,INDRA
INDRA-2787,P0DJI8,P16671,INDRA
INDRA-2788,P05155,Q07954,INDRA
INDRA-2789,O75093,P18827,INDRA
INDRA-2790,O75094,Q8WZ75,INDRA
INDRA-2791,Q9BQB4,O75096,INDRA
INDRA-2792,Q03403,P61073,INDRA
INDRA-2793,P24821,P23471,INDRA
INDRA-2794,O43508,Q86VB7,INDRA
INDRA-2795,P49767,P41587,INDRA
INDRA-2796,P04628,Q9ULW2,INDRA
INDRA-2797,P04628,Q14332,INDRA
INDRA-2798,P04628,Q9ULV1,INDRA
INDRA-2799,Q9GZT5,Q9UP38,INDRA
INDRA-2800,Q9GZT5,Q13467,INDRA
INDRA-2801,Q9GZT5,Q9H461,INDRA
INDRA-2802,Q9UBV4,Q14332,INDRA
INDRA-2803,Q9UBV4,O75197,INDRA
INDRA-2804,P56704,Q9ULW2,INDRA
INDRA-2805,O00755,Q9UP38,INDRA
INDRA-2806,P56706,Q13467,INDRA
INDRA-2807,P56706,Q9H461,INDRA
INDRA-2808,Q9H1J5,Q9ULV1,INDRA
INDRA-2809,Q9H1J5,Q13467,INDRA
INDRA-2810,O14904,Q9ULW2,INDRA
INDRA-2811,O14904,Q9ULV1,INDRA
INDRA-2812,O14905,Q9ULW2,INDRA
INDRA-2813,O14905,Q9ULV1,INDRA
INDRA-2814,O14905,Q13467,INDRA
INDRA-2815,O14905,Q9H461,INDRA
INDRA-2816,O95972,Q13705,INDRA
INDRA-2817,P07602,Q9NYQ6,INDRA
INDRA-2818,P10451,P21453,INDRA
INDRA-2819,P01375,P36941,INDRA
INDRA-2820,Q8NEJ0,P05556,INDRA
INDRA-2821,Q8NEJ0,P23229,INDRA
INDRA-2822,Q8NEJ0,P16144,INDRA
INDRA-2823,Q8NEJ0,P08865,INDRA
INDRA-2824,Q8NEJ0,P26006,INDRA
INDRA-2825,Q8NEJ0,P48509,INDRA
INDRA-2826,P04628,P16671,INDRA
